--
-- PostgreSQL database dump
--

\restrict lBiiSgKclV1xhTV00vM9QF8XwSeaXaGtyNptR78o1trrfLowYiaintoymhbIoHC

-- Dumped from database version 17.4
-- Dumped by pg_dump version 17.6

SET statement_timeout = 0;
SET lock_timeout = 0;
SET idle_in_transaction_session_timeout = 0;
SET transaction_timeout = 0;
SET client_encoding = 'UTF8';
SET standard_conforming_strings = on;
SELECT pg_catalog.set_config('search_path', '', false);
SET check_function_bodies = false;
SET xmloption = content;
SET client_min_messages = warning;
SET row_security = off;

--
-- Data for Name: tea_schools; Type: TABLE DATA; Schema: public; Owner: postgres
--

COPY public.tea_schools (id, name_en, name_ja, created_at) FROM stdin;
d58e9d3b-292a-49b2-97b1-b3da0b5a3f27	Urasenke	裏千家	2025-09-06 07:50:41.23085+00
a83cf5d4-c2f4-41e8-b76f-5f0a0a79c8ea	Enshyu	遠州流	2025-09-06 07:50:41.23085+00
2ed414dc-0df9-419f-9c6a-c497e4501210	None	なし	2025-09-06 07:50:41.23085+00
\.


--
-- Data for Name: accounts; Type: TABLE DATA; Schema: public; Owner: postgres
--

COPY public.accounts (id, email, full_name_en, full_name_ja, role, password_hash, tea_school_id, tea_school, tea_school_ja, website, bio, bio_ja, created_at, updated_at) FROM stdin;
44cef97e-416b-4128-a8c5-560a5101cf95	joi@ito.com	Joichi Ito	伊藤穰一	owner	956dd3d117c076f9a212069e922eb528:b185024cebc77a091fb8965dff7b9da1e3414578a4fe8a6f373863922f400729	d58e9d3b-292a-49b2-97b1-b3da0b5a3f27	\N	\N	\N	\N	\N	2025-08-17 13:47:37.809175+00	2025-09-06 07:50:41.232101+00
f106cd72-75c6-4da4-a13d-325e4735c9b3	Kawabeyuki23@gmail.com	Ryoma	\N	admin	954bcb929b4e813be52c63d10cad6a98:54940dc2244c73349d32a6897fb761ab2d3c73691f2b71cdcf02772ce20424b4	2ed414dc-0df9-419f-9c6a-c497e4501210	\N	\N	\N	\N	\N	2025-08-18 12:36:11.341858+00	2025-09-06 07:50:41.232101+00
7bac9954-183d-4639-9e43-24afb8901b97	yukka@feed-back.jp	Yukako Kiyokawa	清川由香子	admin	34a41e55f401e1a60e9827ee2f48ca4a:664648dcfb9ad98f18c58be558bbeb7336ea7eae4148874119d37069e6ce3f5c	a83cf5d4-c2f4-41e8-b76f-5f0a0a79c8ea	\N	\N	\N	\N	\N	2025-08-18 11:28:35.730107+00	2025-09-06 07:50:41.232101+00
fb5797db-171a-4226-bbdf-9e958d6b37c4	dev-admin@example.com	\N	\N	owner	0d75fb65136ce00916c687e58134984c:254f3edd9a7bdc632c52377487a200f847313b724b263135973c66c606a902a5	\N	\N	\N	\N	\N	\N	2025-08-21 06:35:11.188308+00	2025-09-06 07:50:41.232101+00
8432b0de-a24b-4778-8b6e-8d6a9ad78ba2	yamahiraku@gmail.com	Masako Yamahira	山平昌子	admin	f6ee55ff7dd91f11000fff1e0cf1ac31:5f4d94657ef2089d4f35640dce93ab675f77d1a5ea99ee4380b04e55187c7658	d58e9d3b-292a-49b2-97b1-b3da0b5a3f27	\N	\N	\N	\N	\N	2025-09-04 02:17:22.72571+00	2025-09-06 07:50:41.232101+00
\.


--
-- Data for Name: locations; Type: TABLE DATA; Schema: public; Owner: postgres
--

COPY public.locations (id, local_number, name, address, url, visibility, name_en, name_ja, address_en, address_ja, lat, lng, google_place_id, google_maps_url, contained_in, contained_in_en, contained_in_ja, token, created_at, updated_at) FROM stdin;
1bfdbc2e-6441-4f94-8545-5801b0f75bca	ITO-L-2025-00002	Seitoutei	2 Chome-17-1 Tsudanuma, Narashino, Chiba 275-0016, Japan	\N	public	Seitoutei	青灯亭	2 Chome-17-1 Tsudanuma, Narashino, Chiba 275-0016, Japan	千葉県習志野市津田沼2丁目17番1号2号館	35.6883839003278	140.020266989475	\N	https://www.google.com/maps/@?api=1&map_action=map&center=35.6883839003278,140.020266989475&zoom=18	Chiba Institute of Technology Building 2, 20F	Chiba Institute of Technology Building 2, 20F	千葉工業大学２号館20階	12g03r7941bf	2025-08-20 03:25:44.277009+00	2025-08-20 06:00:20.228464+00
e0b737b8-acd6-4e6b-aaa2-b922c33feb80	ITO-L-2025-00003	Azabudai Hills Ito Tea Room	1-chōme-2-1 Azabudai, Minato City, Tokyo 106-0041, Japan	\N	private	Azabudai Hills Ito Tea Room	麻布台ヒルズ伊藤家茶室	\N	\N	35.6622508	139.740498	ChIJSSkgC7KLGGARfCUkld87ySQ	https://www.google.com/maps/@?api=1&map_action=map&center=35.6622508,139.740498&zoom=18	Azabudai Hills Residence A	Azabudai Hills Residence A	麻布台ヒルズレジデンスA	4b76jgm4wcq4	2025-08-20 05:18:19.036116+00	2025-08-20 06:00:20.440007+00
5f2dea6f-b7de-4c9a-ad0c-6db879b9b9c6	ITO-L-2025-00004	Urasenke Tokyo Dojo	〒162-0062 Tokyo, Shinjuku City, Ichigayakagachō, 2-chōme−5−23	https://www.urasenke.or.jp/textc/kon/tokyo.html	public	Urasenke Tokyo Dojo	裏千家 東京道場	〒162-0062 Tokyo, Shinjuku City, Ichigayakagachō, 2-chōme−5−23	〒162-0062 東京都新宿区市谷加賀町2-5-23	\N	\N	\N	\N	\N	\N	\N	mprsjx8d846r	2025-08-30 18:55:56.181391+00	2025-08-30 18:55:56.181391+00
\.


--
-- Data for Name: chakai; Type: TABLE DATA; Schema: public; Owner: postgres
--

COPY public.chakai (id, local_number, event_date, start_time, location_id, visibility, notes, created_at, updated_at, name_en, name_ja, token) FROM stdin;
43b64f4c-333d-4704-9c01-14e72295fb80	ITO-K-2025-081916	2025-08-19	16:51:00	1bfdbc2e-6441-4f94-8545-5801b0f75bca	open	\N	2025-08-19 12:51:10.752973+00	2025-08-20 06:00:45.389117+00	Test Chakai	実験茶会	346sxh9rhk4x
c976ca25-621b-4d1a-b1a9-342994df86c9	ITO-K-2025-092508	2025-09-25	08:00:00	5f2dea6f-b7de-4c9a-ad0c-6db879b9b9c6	open	\N	2025-08-30 18:55:56.477506+00	2025-09-04 23:53:15.951739+00	Kojitsukai	好日会	xbm65gmrbnzm
\.


--
-- Data for Name: chakai_attendees; Type: TABLE DATA; Schema: public; Owner: postgres
--

COPY public.chakai_attendees (chakai_id, account_id, created_at) FROM stdin;
43b64f4c-333d-4704-9c01-14e72295fb80	7bac9954-183d-4639-9e43-24afb8901b97	2025-08-20 04:53:09.930794+00
43b64f4c-333d-4704-9c01-14e72295fb80	f106cd72-75c6-4da4-a13d-325e4735c9b3	2025-08-20 04:53:09.930794+00
43b64f4c-333d-4704-9c01-14e72295fb80	44cef97e-416b-4128-a8c5-560a5101cf95	2025-08-20 04:53:09.930794+00
c976ca25-621b-4d1a-b1a9-342994df86c9	44cef97e-416b-4128-a8c5-560a5101cf95	2025-09-04 23:53:16.018626+00
c976ca25-621b-4d1a-b1a9-342994df86c9	7bac9954-183d-4639-9e43-24afb8901b97	2025-09-04 23:53:16.018626+00
c976ca25-621b-4d1a-b1a9-342994df86c9	8432b0de-a24b-4778-8b6e-8d6a9ad78ba2	2025-09-04 23:53:16.018626+00
\.


--
-- Data for Name: objects; Type: TABLE DATA; Schema: public; Owner: postgres
--

COPY public.objects (id, token, ark_name, naan, local_number, title, title_ja, visibility, price, tags, craftsman, event_date, location, notes, store, url, craftsman_ja, location_ja, notes_ja, store_ja, primary_local_class_id, created_at, updated_at) FROM stdin;
94acf51e-4342-4c49-9acc-5c310bf78985	dv2nxc18nx79	\N	\N	ITO-2025-I-00011	ITO-2025-I-00011	スズメの筒茶碗	public	500000.00	{茶碗}	\N	\N	\N	\N	\N	\N	\N	麻布台	御本茶碗（高麗）	壽泉堂	\N	2025-08-18 08:40:08.61357+00	2025-08-18 08:40:08.61357+00
cfcb473b-f6fb-4b5e-8756-16c26baa11c9	5qkkp0vwzxnx	\N	\N	ITO-2025-I-00006	ITO-2025-I-00006	二代長二郎灰器	public	2000000.00	{灰器,上}	\N	\N	\N	\N	\N	\N	二代 樂 常慶	麻布台	二代 樂 常慶作\n素焼 焙烙（ほうろく）\n杉木普斎箱書付、松岡家伝来\n江戸時代前期\n\n炉用	戸田商店	\N	2025-08-18 08:39:55.060954+00	2025-08-18 08:39:55.060954+00
7768e24a-431e-4802-aced-d8b7cd3b438c	v1fbgbmg5df1	\N	\N	ITO-2024-I-00006	ITO-2024-I-00006	織部香合	public	2300000.00	{香合,上}	\N	\N	\N	\N	\N	\N	織部	麻布台	織部香合\n江戸時代	戸田商店	\N	2025-08-18 08:39:41.912439+00	2025-08-18 08:39:41.912439+00
7242f206-1903-4a35-ab5c-cd23f5c7cd3d	5rc4cbhn8r3t	\N	\N	ITO-2024-I-00010	ITO-2024-I-00010	今焼楽茶碗	public	1760000.00	{茶碗,上}	Raku Kichizaemon 16th Generation	\N	Azabudai	\N	Mitsukoshi	\N	樂吉左衛門	麻布台	\N	三越	c074c1a2-3397-473d-a900-a6a17c1ead7d	2025-08-18 08:39:48.7039+00	2025-08-18 08:39:48.7039+00
4725026d-6c73-42ad-a70b-96c1ef8cdd11	bh9prprw72m4	\N	\N	ITO-2025-I-00013	ITO-2025-I-00013	西田幾多郎 無聖	public	650000.00	{掛軸}	\N	\N	\N	\N	\N	\N	西田幾多郎	麻布台	無聖 (むしょう)	松本松栄堂	\N	2025-08-18 08:40:12.648807+00	2025-08-18 08:40:12.648807+00
682d4c73-4d6e-436e-a29a-3a4d9ecc638f	q88xqxd8d18b	\N	\N	ITO-2024-I-00011	ITO-2024-I-00011	元伯宗旦　元旦試筆「四海一家兄弟全～」	public	2300000.00	{掛軸,上}	\N	\N	\N	\N	\N	\N	元伯宗旦	麻布台	江戸時代初期\n松永耳庵旧蔵	戸田商店	\N	2025-08-18 08:40:15.423752+00	2025-08-18 08:40:15.423752+00
496f9814-6c75-467d-9c9b-4ebab37f5044	v879w1s18x4n	\N	\N	ITO-2024-I-00001	ITO-2024-I-00001	古天明だつま釜	public	1500000.00	{釜,上}	\N	\N	17F Storage	\N	\N	\N	\N	\N	\N	戸田商店	\N	2025-08-18 08:11:19.870639+00	2025-08-18 08:11:19.870639+00
43a0ea99-0477-40c8-8be5-7864fc34c159	h9zhm82n796g	\N	\N	ITO-2025-I-00003	Paulownia Mizutsugi	鍍金桐地紋御所薬缶	public	\N	{水次}	\N	\N	Azabudai	\N	Zenda	\N	\N	麻布台	\N	善田	382a52da-aa53-4030-8c9e-f880c9f8f25a	2025-08-17 16:50:57.019683+00	2025-08-17 16:50:57.019683+00
c67083d0-17e8-4246-8251-2f84c989e410	9bd36fgk4gzz	\N	\N	ITO-2024-I-00018	Rikyu Bamboo Vase	利休作 尺八切竹花入	public	\N	{花入}	Rikyu	\N	Azabudai	Owned by Oda Urakusai\r\nHeirloom of the Tsuchiya family\r\nHeirloom of the Ii family\r\nMomoyama period	Toda Shoten	\N	利休	麻布台	織田有楽斎所持\r\n土屋家伝来\r\n井伊家伝来\r\n桃山時代	戸田商店	9fdf4019-19cd-4844-9668-3dad58368f20	2025-09-04 01:38:34.278171+00	2025-09-04 01:38:34.278171+00
47f3a9f0-f06e-47dd-9b82-99df922e23aa	1df0j502n76r	\N	\N	ITO-2025-I-00012	ITO-2025-I-00012	四角絵唐津	public	2500000.00	{茶碗}	\N	\N	\N	\N	\N	\N	\N	麻布台	\N	戸田商店	\N	2025-08-18 08:40:10.369091+00	2025-08-18 08:40:10.369091+00
f514e484-7082-46c6-91ae-7ac08c1273c5	kv1z2srswpxf	\N	\N	ITO-2025-I-00004	ITO-2025-I-00004	白楽耳付水指	public	35000000.00	{水指,上}	\N	\N	\N	\N	\N	\N	道入	麻布台	\N	戸田商店	\N	2025-08-18 08:39:50.297674+00	2025-08-18 08:39:50.297674+00
95f24bc5-726e-4b64-b251-3b934dd669be	3b1d49gqpjzb	\N	\N	ITO-2024-I-00004	Senso "Little Hawk" Tea Scoop	仙叟宗室作 茶杓　銘 小鷹	public	8000000.00	{茶杓,上}	Sensō Sōshitsu	\N	Azabudai	Early Edo Period Fukiensai Box	Toda Shoten	\N	Sensō Sōshitsu 仙叟宗室	麻布台	江戸時代初期\r\n不見斎箱	戸田商店	c880cbcb-0dda-4f8d-ac56-969631dcfb96	2025-08-18 08:39:32.007065+00	2025-08-18 08:39:32.007065+00
18afe129-e588-4847-b45f-97beeb8d3c99	8sxs349w41zf	\N	\N	ITO-2024-I-00009	Takatori Kensui	高取建水	public	1300000.00	{建水,上}	\N	\N	Azabudai	Takatori Kensui/Owned by Soho\r\nEdo period	Toda Shoten	\N	\N	麻布台	高取建水/宗甫所持\r\n江戸時代	戸田商店	d2cce6ff-a71c-4f4c-92d6-457b27dd8c4a	2025-08-18 08:39:46.984939+00	2025-08-18 08:39:46.984939+00
fe962676-9acf-4904-b1e7-394fd740a18c	q8z3d0pjh76v	\N	\N	ITO-2024-I-00005	ITO-2024-I-00005	炭斗	public	150000.00	{炭斗,上}	\N	\N	\N	\N	\N	\N	\N	麻布台	唐物籠炭斗\n江戸時代\n益田家伝来	戸田商店	\N	2025-08-18 08:39:34.546759+00	2025-08-18 08:39:34.546759+00
6a9caad1-0598-4531-8306-b05ccd1ef575	n887frf17nth	\N	\N	ITO-2025-I-00005	ITO-2025-I-00005	遠山岩松地紋 肩衝筒釜	public	1300000.00	{釜,上}	\N	\N	Zenda	Iwamatsu Jimon Katatsuki Kettle\r\nŌnishi Gorōzaemon-zō	Toda Shoten	\N	\N	善田	Iwamatsu Jimon Katatsuki Tsutsu\n遠山岩松地紋 肩衝筒釜江戸時代中期\n大西五朗左衛門造– Ōnishi Gorōzaemon-zō	戸田商店	16d45ad2-f522-45bf-b222-f81a6cbcea8d	2025-08-18 08:39:53.503118+00	2025-08-18 08:39:53.503118+00
70c28102-d76c-482f-9f0d-db7c73805720	rs0p03vs7qn3	\N	\N	ITO-2025-I-00008	Sekishu Bamboo Lid Rest	片桐石州竹蓋置	public	\N	{蓋置,上}	Sekishu Katagiri	\N	Azabudai	\N	\N	\N	片桐石州	麻布台	\N	\N	b1a08447-11b9-4c0c-9297-197491889d1c	2025-08-18 08:39:58.288436+00	2025-08-18 08:39:58.288436+00
96ea7f30-26b6-4b1c-92b9-ff779e40156f	3jq0h1s9mpwd	\N	\N	ITO-2024-I-00007	ITO-2024-I-00007	灰器	public	1500000.00	{灰器,上}	\N	\N	\N	\N	\N	\N	上田宗品	麻布台	上田宗品 (うえだそうほん)　焙烙（ほうろく）\n江戸時代	戸田商店	\N	2025-08-18 08:39:43.78686+00	2025-08-18 08:39:43.78686+00
a2566332-f717-43e9-85f9-9bf2a7cdf267	6jdcn76czx1q	\N	\N	ITO-2024-I-00008	ITO-2024-I-00008	藤組釜敷	public	600000.00	{釜敷,上}	\N	\N	\N	\N	\N	\N	\N	麻布台	武野紹鴎所持 藤組釜敷  たけの じょうおうしょじ\n室町時代\n“藤組” (Fujigumi)	戸田商店	\N	2025-08-18 08:39:45.4308+00	2025-08-18 08:39:45.4308+00
26dc0d3d-0474-46f3-9df7-454c23cc2b52	76nwk43tjnqr	\N	\N	ITO-2024-I-00002	Juko Seiji Bowl	珠光青磁茶碗	public	3000000.00	{茶碗,上}	\N	\N	Azabudai	Heirloom of the Hirase family\r\nAraki Muneyoshi box inscription\r\nSouthern Song period	Toda Shoten	\N	\N	麻布台	平瀬家伝来\r\n荒木宗允箱書\r\n南宋時代	戸田商店	c074c1a2-3397-473d-a900-a6a17c1ead7d	2025-08-18 08:11:21.423803+00	2025-08-18 08:11:21.423803+00
ce8a3eb8-91a5-4e49-a516-fd6f7576a75a	rd4cb8nqbg6x	\N	\N	ITO-2025-I-00002	Komagai Bowl "Tanihibiki"	熊川高麗茶碗	public	\N	{茶碗,上}	\N	\N	Zenda	Komogai tea bowl. Gengensai box inscription, inscription "Tani Hibiki"	Toda Shoten	\N	\N	麻布台	こもがいちゃわん\r\n玄々斎箱書、銘「谷響」	戸田商店	c074c1a2-3397-473d-a900-a6a17c1ead7d	2025-08-17 16:50:37.971699+00	2025-08-17 16:50:37.971699+00
257d4777-0781-433a-a968-9057d1c71967	18cg4jn35p7q	\N	\N	ITO-2025-I-00001	ITO-2025-I-00001	切合わせ釜	public	\N	{釜}	\N	\N	Pending	\N	\N	\N	\N	\N	釜は：大西家十代 浄雪 作 / Oonishi Josetsu\n風炉：京都名越家七代浄味作/ Nagoshike Jyoumi	戸田商店	\N	2025-08-17 16:50:20.357059+00	2025-08-17 16:50:20.357059+00
f01455ca-258f-4e24-91f5-2b80eda34d5a	0mm91vghpw9b	\N	\N	ITO-2024-I-00003	Eshino Fire Container	絵志野火入	public	3000000.00	{火入,上}	\N	\N	Azabudai	Eshino Hiire\r\nEarly Edo period	Toda Shoten	\N	\N	麻布台	絵志野火入\r\n江戸時代初期	戸田商店	fbc386f2-d664-47f2-86ae-7c79fdd76837	2025-08-18 08:39:30.587702+00	2025-08-18 08:39:30.587702+00
acd39df6-47b2-441b-85ea-cedf30b49f76	x4kc29106ht4	\N	\N	ITO-2025-I-00016	Sorori Shinzaemon Scroll	曽呂利新左衛門消息	public	2500000.00	{掛軸,上}	Sorori Shinzaemon	\N	Azabudai	Sorori Shinzaemon (Hideyoshi no Otogishuu) Shousoku	Jusendo	\N	曽呂利新左衛門	麻布台	Sorori Shinzaemon (Hideyoshi no Otogishuu) Shousoku\r\n曽呂利新左衛門(秀吉の御伽衆)の消息	壽泉堂	fbf14613-7a5d-465f-9d4c-b52283729959	2025-08-18 08:40:44.876508+00	2025-08-18 08:40:44.876508+00
3e9ed2d1-badd-4e51-863b-25d0d98d3f0e	shd91gd6pn87	\N	\N	ITO-2025-I-00014	ITO-2025-I-00014	坐忘斎「喫茶去」掛軸	public	800000.00	{掛軸}	\N	\N	\N	\N	\N	\N	坐忘斎	麻布台	\N	清昌堂やました	\N	2025-08-18 08:40:17.258813+00	2025-08-18 08:40:17.258813+00
aaf08d1b-6454-427e-ac7e-c118d8131b4c	zqc3tjmtjp1m	\N	\N	ITO-2024-I-00012	ITO-2024-I-00012	西田喜多郎掛け軸	public	600000.00	{掛軸}	\N	\N	\N	\N	\N	\N	西田喜多郎	津田沼	\N	壽泉堂	\N	2025-08-18 08:40:18.606935+00	2025-08-18 08:40:18.606935+00
e0355a9a-97b4-43d3-b4fd-fe5ab019d969	d4rgw3sdtv7j	\N	\N	ITO-2024-I-00014	ITO-2024-I-00014	水到渠成　寸心	public	1000000.00	{掛軸}	\N	\N	\N	\N	\N	\N	西田幾多郎	麻布台	水到渠成　寸心(水到れば渠成る。)\nみずいたればきょなる すん‐しん\n紙本　139cm×33,7cm   西谷啓治箱書	松本松栄堂	\N	2025-08-18 08:40:22.626178+00	2025-08-18 08:40:22.626178+00
5e89badc-a77c-4f60-a4e8-cbefda68fea1	w5w1w2pb5mt1	\N	\N	ITO-2024-I-00015	ITO-2024-I-00015	掛け軸「江月松風」	public	1000000.00	{掛軸}	Sen Genshitsu Grand Master	\N	Numazu Club	\N	\N	\N	千 玄室 大宗匠	沼津クラブ	kogetsushofu\n江月照松風吹\n江月こうげつ照てらして松しょう風ふう吹ふく『証道歌』江月照松風吹、永夜清宵何所爲。江月こうげつ照てらして松しょう風ふう吹ふく、永えい夜やの清せい宵しょう、何なんの為なす所ところぞ。	\N	\N	2025-08-18 08:40:24.043578+00	2025-08-18 08:40:24.043578+00
3a8edc79-9027-4e8e-90e1-d4aecea1d05a	k9h3s6btzh0q	\N	\N	ITO-2024-I-00016	ITO-2024-I-00016	江月宗玩「斗指両辰間」	public	2200000.00	{掛軸}	\N	\N	\N	Tosa Ryōshin no Kan\r\nKōgetsu Sōgan (November 8, 1574 (November 21, 1574) – August 19, 1643 (October 1, 1643)) was a Rinzai sect monk from the Azuchi-Momoyama period to the early Edo period. He was the abbot of Daitoku-ji Temple. He was the son of Tsuda Sōeki, a wealthy merchant in Sakai who served as a tea master under Oda Nobunaga and Toyotomi Hideyoshi. His older brother was Tsuda Sōbon, who inherited the Tennojiya. His secular name was Sōmaru. His childhood name was Michimaru, then Shunshō. His pen names included Ketsushinshi, Ebukuroshi, and Kakkakushi. His posthumous name was Dairyō Kōshō Zen Master.	\N	\N	江月宗玩 こうげつ そうがん	津田沼	とさりょうしんのかん\n江月 宗玩（こうげつ そうがん、天正2年11月8日（1574年11月21日） - 寛永20年8月19日（1643年10月1日））は、安土桃山時代から江戸時代前期にかけての臨済宗の僧。大徳寺住持。堺の豪商で織田信長、豊臣秀吉に茶頭として仕えた津田宗及の子。天王寺屋を継いだ津田宗凡は兄。俗名は宗丸。幼名を道丸、次いで春松。号に欠伸子、慒袋子、赫々子など。諡は大梁興宗禅師。	戸田商店	fbf14613-7a5d-465f-9d4c-b52283729959	2025-08-18 08:40:29.302226+00	2025-08-18 08:40:29.302226+00
2aee567f-c466-4eb9-9a5d-a081a02d9a38	tsf4kkq45ztm	\N	\N	ITO-2025-I-00015	ITO-2025-I-00015	淡々斎一行掛け軸「松風供一啜」	public	550000.00	{掛軸}	Tantansai	\N	Azabudai	Ohara-san, I'll have a sip of Matsukaze today.	Kayo	\N	淡々斎	麻布台	大原さん。松風供一啜 しょうふう いっせつに きょうす	華陽	fbf14613-7a5d-465f-9d4c-b52283729959	2025-08-18 08:40:40.183092+00	2025-08-18 08:40:40.183092+00
f53ec23b-f7c5-4f0b-ad87-9b475f2c48d4	374vsxs40690	\N	\N	ITO-2025-I-00010	ITO-2025-I-00010	茶杓「水滴々」	public	\N	{茶杓}	\N	\N	\N	\N	\N	\N	伊藤宗一	麻布台	水滴々  - Mizu TekitekiThis name comes from Zen expressions such as Tekisui Tekitō (滴水滴凍), which describe how each drop of water, no matter how small, contributes to a larger flow. It symbolizes steady effort, quiet progress, and the strength that builds through time.※Step by step, moving forward together.	三原啓司	\N	2025-08-18 08:40:06.478598+00	2025-08-18 08:40:06.478598+00
38d72a18-b0f8-48f5-8081-523853983a09	9kmjpkjb66x3	\N	\N	ITO-2025-I-00007	Tang Dynasty copper elephant ear furo	唐銅象耳風炉	public	1200000.00	{風炉,上}	\N	\N	\N	Tang Dynasty copper elephant ear furo (furo) from the Muromachi period	Toda Shoten	\N	\N	\N	唐銅象耳風炉室町時代\r\nからかねぞうみみふろ	戸田商店	238561b0-9b61-4e56-8565-682237f66f22	2025-08-18 08:39:56.342145+00	2025-08-18 08:39:56.342145+00
95ee5d79-931d-42b6-a126-9cc6751fdd72	d6pwm23d7qj6	\N	\N	ITO-2024-I-00013	Kitaro Nishida "Yuen"	西田幾多郎 悠遠	public	650000.00	{掛軸}	Kitaro Nishida	\N	Azabudai	yuuen	Matsumoto Shoeido	\N	西田幾多郎	麻布台	\N	松本松栄堂	fbf14613-7a5d-465f-9d4c-b52283729959	2025-08-18 08:40:20.912111+00	2025-08-18 08:40:20.912111+00
724fab60-d85b-4d43-bf5a-20cd2de2be3a	56rrb7wdqcrc	\N	\N	ITO-2025-I-00009	Oribe Sweets Dish	織部平皿	public	6000000.00	{菓子器,上}	\N	\N	Azabudai	\N	Zenda	\N	\N	麻布台	\N	善田	f17d4d62-dff7-4b3d-80dc-1ebca732a8be	2025-08-18 08:40:04.831278+00	2025-08-18 08:40:04.831278+00
70d18100-f952-4597-b3b1-53663191abc9	x5hf6hgtgfzd	\N	\N	ITO-2025-I-00017	Odori Feather Duster	羽箒 大鳥	public	\N	{羽箒}	\N	\N	Azabudai	\N	Zenda	\N	\N	麻布台	\N	善田	4365a211-d032-4eec-b3fa-475b6c2dbd2c	2025-09-03 02:36:57.600085+00	2025-09-03 02:36:57.600085+00
aa72920a-02f5-4618-88bd-547b3fe60672	hgh3mkgh5k79	\N	\N	ITO-2025-I-00021	Shonzui Bowl	祥瑞丸紋 茶碗	public	\N	{茶碗}	\N	\N	Azabudai	\N	Zenda	\N	\N	麻布台	\N	善田	c074c1a2-3397-473d-a900-a6a17c1ead7d	2025-09-03 02:37:31.321357+00	2025-09-03 02:37:31.321357+00
8d26b5d0-3bef-458d-8784-c91af0e6191b	s935vrtsqp1b	\N	\N	ITO-2025-I-00019	Tsurube Mizusashi	鶴瓶水指	public	\N	{水指}	Masaru Kawai	\N	Azabudai	kōyamaki or Japanese cypress\r\ntsurube mizusashi	Toda Shoten	https://tanimatsuya.online/en/products/%E6%9C%A8%E6%9B%BD%E6%AA%9C%E9%87%A3%E7%93%B6%E6%B0%B4%E6%8C%87	川合優 / Masaru Kawai	麻布台	素材 高野槙 / コウヤマキ / kōyamaki or Japanese cypress\r\ntsurube mizusashi	戸田商店	05e69051-7d66-4447-bbe1-ed80cb3017e2	2025-09-03 02:37:14.722828+00	2025-09-03 02:37:14.722828+00
3cc21f80-574a-4bae-a093-ad4f63ce466a	zw77fxzk9q05	\N	\N	ITO-2025-I-00020	Sotan Matsuki Natsume	松木棗 宗旦好	public	\N	{茶器}	\N	\N	Azabudai	\N	Toda Shoten	\N	\N	麻布台	\N	戸田商店	b67e00d2-365b-4c87-9f73-45f647d959be	2025-09-03 02:37:28.574743+00	2025-09-03 02:37:28.574743+00
f52bde88-0544-4cb3-9d6e-7d2a28048565	11304bf7wfds	\N	\N	ITO-2024-I-00017	Chinese Tabacco Container	莨入	public	\N	{莨入}	\N	\N	Azabudai	Chinese tobacco container, Edo period	Toda Shoten	\N	\N	麻布台	唐物莨入\r\n江戸時代	戸田商店	d524672f-0cf4-4d2b-b4b7-9a571f3d8a9e	2025-09-03 02:37:04.61775+00	2025-09-03 02:37:04.61775+00
74039262-1c52-4c73-9aba-e1f9a97160f3	t10p6fzrdbs4	\N	\N	ITO-2025-I-00018	Chinese Aogai Incense Holder	唐物青貝鶴図	public	\N	{香合}	\N	\N	Azabudai	\N	Zenda	\N	\N	麻布台	\N	善田	6918ea84-d562-473a-b866-e0ae99f23ad1	2025-09-03 02:37:11.360889+00	2025-09-03 02:37:11.360889+00
\.


--
-- Data for Name: chakai_items; Type: TABLE DATA; Schema: public; Owner: postgres
--

COPY public.chakai_items (chakai_id, object_id, role, created_at) FROM stdin;
c976ca25-621b-4d1a-b1a9-342994df86c9	c67083d0-17e8-4246-8251-2f84c989e410	\N	2025-09-04 23:53:16.085097+00
c976ca25-621b-4d1a-b1a9-342994df86c9	aa72920a-02f5-4618-88bd-547b3fe60672	\N	2025-09-04 23:53:16.085097+00
c976ca25-621b-4d1a-b1a9-342994df86c9	3cc21f80-574a-4bae-a093-ad4f63ce466a	\N	2025-09-04 23:53:16.085097+00
c976ca25-621b-4d1a-b1a9-342994df86c9	8d26b5d0-3bef-458d-8784-c91af0e6191b	\N	2025-09-04 23:53:16.085097+00
c976ca25-621b-4d1a-b1a9-342994df86c9	74039262-1c52-4c73-9aba-e1f9a97160f3	\N	2025-09-04 23:53:16.085097+00
c976ca25-621b-4d1a-b1a9-342994df86c9	f52bde88-0544-4cb3-9d6e-7d2a28048565	\N	2025-09-04 23:53:16.085097+00
c976ca25-621b-4d1a-b1a9-342994df86c9	70d18100-f952-4597-b3b1-53663191abc9	\N	2025-09-04 23:53:16.085097+00
c976ca25-621b-4d1a-b1a9-342994df86c9	acd39df6-47b2-441b-85ea-cedf30b49f76	\N	2025-09-04 23:53:16.085097+00
c976ca25-621b-4d1a-b1a9-342994df86c9	95ee5d79-931d-42b6-a126-9cc6751fdd72	\N	2025-09-04 23:53:16.085097+00
c976ca25-621b-4d1a-b1a9-342994df86c9	6a9caad1-0598-4531-8306-b05ccd1ef575	\N	2025-09-04 23:53:16.085097+00
c976ca25-621b-4d1a-b1a9-342994df86c9	38d72a18-b0f8-48f5-8081-523853983a09	\N	2025-09-04 23:53:16.085097+00
c976ca25-621b-4d1a-b1a9-342994df86c9	ce8a3eb8-91a5-4e49-a516-fd6f7576a75a	\N	2025-09-04 23:53:16.085097+00
c976ca25-621b-4d1a-b1a9-342994df86c9	26dc0d3d-0474-46f3-9df7-454c23cc2b52	\N	2025-09-04 23:53:16.085097+00
c976ca25-621b-4d1a-b1a9-342994df86c9	724fab60-d85b-4d43-bf5a-20cd2de2be3a	\N	2025-09-04 23:53:16.085097+00
c976ca25-621b-4d1a-b1a9-342994df86c9	95f24bc5-726e-4b64-b251-3b934dd669be	\N	2025-09-04 23:53:16.085097+00
\.


--
-- Data for Name: licenses; Type: TABLE DATA; Schema: public; Owner: postgres
--

COPY public.licenses (id, code, name, uri, summary, created_at) FROM stdin;
29dc4e01-6883-48f1-8265-8b6816e26059	CC0-1.0	CC0 1.0 Universal (Public Domain)	https://creativecommons.org/publicdomain/zero/1.0/	No rights reserved.	2025-09-06 07:50:41.240763+00
4ebee253-075a-4a3f-8dbe-931cfc5e3c60	CC-BY-4.0	Attribution 4.0 International	https://creativecommons.org/licenses/by/4.0/	Must give appropriate credit.	2025-09-06 07:50:41.240763+00
00f6c14c-506f-4e59-859d-bc8f9e4044c6	CC-BY-SA-4.0	Attribution-ShareAlike 4.0 International	https://creativecommons.org/licenses/by-sa/4.0/	Share adaptations under the same terms.	2025-09-06 07:50:41.240763+00
7ac36e3f-520f-404e-9c29-66807eef7de0	CC-BY-ND-4.0	Attribution-NoDerivatives 4.0 International	https://creativecommons.org/licenses/by-nd/4.0/	No derivatives.	2025-09-06 07:50:41.240763+00
cf50ea6d-9f49-4f5e-b323-c3f935c01792	CC-BY-NC-4.0	Attribution-NonCommercial 4.0 International	https://creativecommons.org/licenses/by-nc/4.0/	NonCommercial use only.	2025-09-06 07:50:41.240763+00
1f8169d5-dd2d-4a57-b7d7-89c52d8c3f36	CC-BY-NC-SA-4.0	Attribution-NonCommercial-ShareAlike 4.0 International	https://creativecommons.org/licenses/by-nc-sa/4.0/	NC + ShareAlike.	2025-09-06 07:50:41.240763+00
2cfc551d-7d38-415e-831e-f45c045f2d11	CC-BY-NC-ND-4.0	Attribution-NonCommercial-NoDerivatives 4.0 International	https://creativecommons.org/licenses/by-nc-nd/4.0/	NC + NoDerivatives.	2025-09-06 07:50:41.240763+00
\.


--
-- Data for Name: media; Type: TABLE DATA; Schema: public; Owner: postgres
--

COPY public.media (id, object_id, kind, uri, source, width, height, license, sort_order, copyright_owner, rights_note, license_id, bucket, storage_path, visibility, local_number, token, file_type, file_size, original_filename, created_at, updated_at) FROM stdin;
e3fa7e41-99a0-407a-9627-5e2252f700e1	26dc0d3d-0474-46f3-9df7-454c23cc2b52	image	https://ropxawmhtemygmrojlhu.supabase.co/storage/v1/object/public/media/media/26dc0d3d-0474-46f3-9df7-454c23cc2b52/26dc0d3d-0474-46f3-9df7-454c23cc2b52-fda6f9a3e108abe2.png	\N	\N	\N	\N	999	\N	\N	\N	media	26dc0d3d-0474-46f3-9df7-454c23cc2b52/26dc0d3d-0474-46f3-9df7-454c23cc2b52-fda6f9a3e108abe2.png	public	ITO-2025-M-00008	r680jf5gzsj4	image	\N	\N	2025-08-20 03:08:44.630199+00	2025-09-06 07:50:41.241431+00
39ee5684-e8e8-40de-b10f-081fcedfef08	496f9814-6c75-467d-9c9b-4ebab37f5044	image	https://ropxawmhtemygmrojlhu.supabase.co/storage/v1/object/public/media/media/496f9814-6c75-467d-9c9b-4ebab37f5044/496f9814-6c75-467d-9c9b-4ebab37f5044-7b2b4a0f87285753.jpeg	\N	\N	\N	\N	999	\N	\N	\N	media	496f9814-6c75-467d-9c9b-4ebab37f5044/496f9814-6c75-467d-9c9b-4ebab37f5044-7b2b4a0f87285753.jpeg	public	ITO-2025-M-00011	w7pgqcftf47g	image	\N	\N	2025-08-20 03:08:44.630199+00	2025-09-06 07:50:41.241431+00
44278de0-a051-4f79-a942-01112732229e	aa72920a-02f5-4618-88bd-547b3fe60672	image	https://ropxawmhtemygmrojlhu.supabase.co/storage/v1/object/public/media/media/aa72920a-02f5-4618-88bd-547b3fe60672/aa72920a-02f5-4618-88bd-547b3fe60672-a00e19e633c9de19.jpeg	\N	\N	\N	\N	999	\N	\N	\N	media	aa72920a-02f5-4618-88bd-547b3fe60672/aa72920a-02f5-4618-88bd-547b3fe60672-a00e19e633c9de19.jpeg	public	ITO-M-2025-00017	\N	image	\N	\N	2025-09-03 02:37:41.114708+00	2025-09-06 07:50:41.241431+00
63418d4d-3a17-4ecb-87c9-f359ccfdc731	acd39df6-47b2-441b-85ea-cedf30b49f76	image	https://ropxawmhtemygmrojlhu.supabase.co/storage/v1/object/public/media/media/acd39df6-47b2-441b-85ea-cedf30b49f76/acd39df6-47b2-441b-85ea-cedf30b49f76-8c15ea87dcdbebd4.jpeg	\N	\N	\N	\N	999	\N	\N	\N	media	acd39df6-47b2-441b-85ea-cedf30b49f76/acd39df6-47b2-441b-85ea-cedf30b49f76-8c15ea87dcdbebd4.jpeg	public	ITO-2025-M-00013	bfnzg8kd3tpr	image	\N	\N	2025-08-20 03:08:44.630199+00	2025-09-06 07:50:41.241431+00
1c049e10-d219-4e24-9474-ad141375d052	acd39df6-47b2-441b-85ea-cedf30b49f76	image	https://ropxawmhtemygmrojlhu.supabase.co/storage/v1/object/public/media/media/acd39df6-47b2-441b-85ea-cedf30b49f76/acd39df6-47b2-441b-85ea-cedf30b49f76-20bc2bb9fda7b4d8.jpeg	\N	\N	\N	\N	999	\N	\N	\N	media	acd39df6-47b2-441b-85ea-cedf30b49f76/acd39df6-47b2-441b-85ea-cedf30b49f76-20bc2bb9fda7b4d8.jpeg	public	ITO-2025-M-00015	2bmspbzdznzd	image	\N	\N	2025-08-20 03:08:44.630199+00	2025-09-06 07:50:41.241431+00
bed9c8c3-c277-4728-b89e-925736ad0410	2aee567f-c466-4eb9-9a5d-a081a02d9a38	image	https://ropxawmhtemygmrojlhu.supabase.co/storage/v1/object/public/media/media/2aee567f-c466-4eb9-9a5d-a081a02d9a38/2aee567f-c466-4eb9-9a5d-a081a02d9a38-eb7b090043a78c73.jpeg	\N	\N	\N	\N	999	\N	\N	\N	media	2aee567f-c466-4eb9-9a5d-a081a02d9a38/2aee567f-c466-4eb9-9a5d-a081a02d9a38-eb7b090043a78c73.jpeg	public	ITO-2025-M-00016	44t38qftz1ss	image	\N	\N	2025-08-20 03:08:44.630199+00	2025-09-06 07:50:41.241431+00
015e0508-9f31-48f7-91d4-101ef51eed5e	2aee567f-c466-4eb9-9a5d-a081a02d9a38	image	https://ropxawmhtemygmrojlhu.supabase.co/storage/v1/object/public/media/media/2aee567f-c466-4eb9-9a5d-a081a02d9a38/2aee567f-c466-4eb9-9a5d-a081a02d9a38-de863dd5d7b9cc99.png	\N	\N	\N	\N	999	\N	\N	\N	media	2aee567f-c466-4eb9-9a5d-a081a02d9a38/2aee567f-c466-4eb9-9a5d-a081a02d9a38-de863dd5d7b9cc99.png	public	ITO-2025-M-00017	219w46zwpwx3	image	\N	\N	2025-08-20 03:08:44.630199+00	2025-09-06 07:50:41.241431+00
7a106b0e-911c-474f-81da-875ebfa3b0a7	3a8edc79-9027-4e8e-90e1-d4aecea1d05a	image	https://ropxawmhtemygmrojlhu.supabase.co/storage/v1/object/public/media/media/3a8edc79-9027-4e8e-90e1-d4aecea1d05a/3a8edc79-9027-4e8e-90e1-d4aecea1d05a-b13bf04797589dec.jpeg	\N	\N	\N	\N	999	\N	\N	\N	media	3a8edc79-9027-4e8e-90e1-d4aecea1d05a/3a8edc79-9027-4e8e-90e1-d4aecea1d05a-b13bf04797589dec.jpeg	public	ITO-2025-M-00020	rb2r44x7nqnp	image	\N	\N	2025-08-20 03:08:44.630199+00	2025-09-06 07:50:41.241431+00
ce66d469-8320-46f7-8c9f-00197ec936a1	3a8edc79-9027-4e8e-90e1-d4aecea1d05a	image	https://ropxawmhtemygmrojlhu.supabase.co/storage/v1/object/public/media/media/3a8edc79-9027-4e8e-90e1-d4aecea1d05a/3a8edc79-9027-4e8e-90e1-d4aecea1d05a-36082101b1bdcbe7.jpeg	\N	\N	\N	\N	999	\N	\N	\N	media	3a8edc79-9027-4e8e-90e1-d4aecea1d05a/3a8edc79-9027-4e8e-90e1-d4aecea1d05a-36082101b1bdcbe7.jpeg	public	ITO-2025-M-00021	280bszgjn9cp	image	\N	\N	2025-08-20 03:08:44.630199+00	2025-09-06 07:50:41.241431+00
0d430911-61c2-4ffb-97fc-31cb51cac5c1	5e89badc-a77c-4f60-a4e8-cbefda68fea1	image	https://ropxawmhtemygmrojlhu.supabase.co/storage/v1/object/public/media/media/5e89badc-a77c-4f60-a4e8-cbefda68fea1/5e89badc-a77c-4f60-a4e8-cbefda68fea1-ddabeb589dfaa9b4.jpeg	\N	\N	\N	\N	999	\N	\N	\N	media	5e89badc-a77c-4f60-a4e8-cbefda68fea1/5e89badc-a77c-4f60-a4e8-cbefda68fea1-ddabeb589dfaa9b4.jpeg	public	ITO-2025-M-00022	b16g3hc8m96c	image	\N	\N	2025-08-20 03:08:44.630199+00	2025-09-06 07:50:41.241431+00
20c9a4fc-575a-4a87-9d88-18b282b2702a	95ee5d79-931d-42b6-a126-9cc6751fdd72	image	https://ropxawmhtemygmrojlhu.supabase.co/storage/v1/object/public/media/media/95ee5d79-931d-42b6-a126-9cc6751fdd72/95ee5d79-931d-42b6-a126-9cc6751fdd72-dd5d66f9f07999e7.jpeg	\N	\N	\N	\N	999	\N	\N	\N	media	95ee5d79-931d-42b6-a126-9cc6751fdd72/95ee5d79-931d-42b6-a126-9cc6751fdd72-dd5d66f9f07999e7.jpeg	public	ITO-2025-M-00026	82k8g2rhr4jg	image	\N	\N	2025-08-20 03:08:44.630199+00	2025-09-06 07:50:41.241431+00
2d0357d0-0663-4291-99e2-f5ce04772103	95ee5d79-931d-42b6-a126-9cc6751fdd72	image	https://ropxawmhtemygmrojlhu.supabase.co/storage/v1/object/public/media/media/95ee5d79-931d-42b6-a126-9cc6751fdd72/95ee5d79-931d-42b6-a126-9cc6751fdd72-e22374d990e4a8d5.jpeg	\N	\N	\N	\N	999	\N	\N	\N	media	95ee5d79-931d-42b6-a126-9cc6751fdd72/95ee5d79-931d-42b6-a126-9cc6751fdd72-e22374d990e4a8d5.jpeg	public	ITO-2025-M-00027	qxn83nq7kvxq	image	\N	\N	2025-08-20 03:08:44.630199+00	2025-09-06 07:50:41.241431+00
9036bbca-d59c-4c23-b7e2-f4a43f915300	aaf08d1b-6454-427e-ac7e-c118d8131b4c	image	https://ropxawmhtemygmrojlhu.supabase.co/storage/v1/object/public/media/media/aaf08d1b-6454-427e-ac7e-c118d8131b4c/aaf08d1b-6454-427e-ac7e-c118d8131b4c-5fd4cda970f84479.jpeg	\N	\N	\N	\N	999	\N	\N	\N	media	aaf08d1b-6454-427e-ac7e-c118d8131b4c/aaf08d1b-6454-427e-ac7e-c118d8131b4c-5fd4cda970f84479.jpeg	public	ITO-2025-M-00028	mcfdgf9wvxsx	image	\N	\N	2025-08-20 03:08:44.630199+00	2025-09-06 07:50:41.241431+00
888b2932-30e7-4b94-97a9-10236d6b5d5d	3e9ed2d1-badd-4e51-863b-25d0d98d3f0e	image	https://ropxawmhtemygmrojlhu.supabase.co/storage/v1/object/public/media/media/3e9ed2d1-badd-4e51-863b-25d0d98d3f0e/3e9ed2d1-badd-4e51-863b-25d0d98d3f0e-fc3bc6bf9520d685.jpeg	\N	\N	\N	\N	999	\N	\N	\N	media	3e9ed2d1-badd-4e51-863b-25d0d98d3f0e/3e9ed2d1-badd-4e51-863b-25d0d98d3f0e-fc3bc6bf9520d685.jpeg	public	ITO-2025-M-00031	6d04rrk85gbm	image	\N	\N	2025-08-20 03:08:44.630199+00	2025-09-06 07:50:41.241431+00
f64041e0-5608-4ab5-b231-0d9ba89954ff	682d4c73-4d6e-436e-a29a-3a4d9ecc638f	image	https://ropxawmhtemygmrojlhu.supabase.co/storage/v1/object/public/media/media/682d4c73-4d6e-436e-a29a-3a4d9ecc638f/682d4c73-4d6e-436e-a29a-3a4d9ecc638f-e4d21bcf8876409d.png	\N	\N	\N	\N	999	\N	\N	\N	media	682d4c73-4d6e-436e-a29a-3a4d9ecc638f/682d4c73-4d6e-436e-a29a-3a4d9ecc638f-e4d21bcf8876409d.png	public	ITO-2025-M-00033	jqjf6dt65bwz	image	\N	\N	2025-08-20 03:08:44.630199+00	2025-09-06 07:50:41.241431+00
30d295c6-8074-4808-a257-c2dd19789bc2	4725026d-6c73-42ad-a70b-96c1ef8cdd11	image	https://ropxawmhtemygmrojlhu.supabase.co/storage/v1/object/public/media/media/4725026d-6c73-42ad-a70b-96c1ef8cdd11/4725026d-6c73-42ad-a70b-96c1ef8cdd11-2e56eed10dbcaf8d.jpeg	\N	\N	\N	\N	999	\N	\N	\N	media	4725026d-6c73-42ad-a70b-96c1ef8cdd11/4725026d-6c73-42ad-a70b-96c1ef8cdd11-2e56eed10dbcaf8d.jpeg	public	ITO-2025-M-00036	p3twmddj0p8v	image	\N	\N	2025-08-20 03:08:44.630199+00	2025-09-06 07:50:41.241431+00
29f451b7-a276-4754-bf9f-2df754154d2d	47f3a9f0-f06e-47dd-9b82-99df922e23aa	image	https://ropxawmhtemygmrojlhu.supabase.co/storage/v1/object/public/media/media/47f3a9f0-f06e-47dd-9b82-99df922e23aa/47f3a9f0-f06e-47dd-9b82-99df922e23aa-9cd4ed217e01072e.jpeg	\N	\N	\N	\N	999	\N	\N	\N	media	47f3a9f0-f06e-47dd-9b82-99df922e23aa/47f3a9f0-f06e-47dd-9b82-99df922e23aa-9cd4ed217e01072e.jpeg	public	ITO-2025-M-00037	pz6tmn469j72	image	\N	\N	2025-08-20 03:08:44.630199+00	2025-09-06 07:50:41.241431+00
4f9b18b6-55f3-4526-a38e-aa1a865527d3	47f3a9f0-f06e-47dd-9b82-99df922e23aa	image	https://ropxawmhtemygmrojlhu.supabase.co/storage/v1/object/public/media/media/47f3a9f0-f06e-47dd-9b82-99df922e23aa/47f3a9f0-f06e-47dd-9b82-99df922e23aa-44415f22f34398c3.jpeg	\N	\N	\N	\N	999	\N	\N	\N	media	47f3a9f0-f06e-47dd-9b82-99df922e23aa/47f3a9f0-f06e-47dd-9b82-99df922e23aa-44415f22f34398c3.jpeg	public	ITO-2025-M-00038	ck5rz84gm6dc	image	\N	\N	2025-08-20 03:08:44.630199+00	2025-09-06 07:50:41.241431+00
b12ba743-721c-4bb9-9a26-28aab428a31d	ce8a3eb8-91a5-4e49-a516-fd6f7576a75a	image	https://ropxawmhtemygmrojlhu.supabase.co/storage/v1/object/public/media/media/ce8a3eb8-91a5-4e49-a516-fd6f7576a75a/ce8a3eb8-91a5-4e49-a516-fd6f7576a75a-3421f27265e9b694.jpeg	\N	\N	\N	\N	999	Joichi Ito	\N	4ebee253-075a-4a3f-8dbe-931cfc5e3c60	media	ce8a3eb8-91a5-4e49-a516-fd6f7576a75a/ce8a3eb8-91a5-4e49-a516-fd6f7576a75a-3421f27265e9b694.jpeg	public	ITO-2025-M-00006	dv80xb7c4wdg	image	\N	\N	2025-08-20 03:08:44.630199+00	2025-09-06 07:50:41.241431+00
4a74d214-3fc2-42d7-b903-30244b89245d	ce8a3eb8-91a5-4e49-a516-fd6f7576a75a	image	https://ropxawmhtemygmrojlhu.supabase.co/storage/v1/object/public/media/media/ce8a3eb8-91a5-4e49-a516-fd6f7576a75a/ce8a3eb8-91a5-4e49-a516-fd6f7576a75a-8068e205a97ecac2.jpeg	\N	\N	\N	\N	999	Joichi Ito	\N	4ebee253-075a-4a3f-8dbe-931cfc5e3c60	media	ce8a3eb8-91a5-4e49-a516-fd6f7576a75a/ce8a3eb8-91a5-4e49-a516-fd6f7576a75a-8068e205a97ecac2.jpeg	public	ITO-2025-M-00004	ddv2w96c3hfk	image	\N	\N	2025-08-20 03:08:44.630199+00	2025-09-06 07:50:41.241431+00
99e5881d-6234-4327-9200-31353cc73012	aa72920a-02f5-4618-88bd-547b3fe60672	image	https://ropxawmhtemygmrojlhu.supabase.co/storage/v1/object/public/media/media/aa72920a-02f5-4618-88bd-547b3fe60672/aa72920a-02f5-4618-88bd-547b3fe60672-6dcb7cfd41137578.jpeg	\N	\N	\N	\N	999	\N	\N	\N	media	aa72920a-02f5-4618-88bd-547b3fe60672/aa72920a-02f5-4618-88bd-547b3fe60672-6dcb7cfd41137578.jpeg	public	ITO-M-2025-00019	\N	image	\N	\N	2025-09-03 02:37:42.646521+00	2025-09-06 07:50:41.241431+00
9e027d83-c299-4d47-afcc-b25797b1af34	26dc0d3d-0474-46f3-9df7-454c23cc2b52	image	https://ropxawmhtemygmrojlhu.supabase.co/storage/v1/object/public/media/media/26dc0d3d-0474-46f3-9df7-454c23cc2b52/26dc0d3d-0474-46f3-9df7-454c23cc2b52-3c328286ebca999a.jpeg	\N	\N	\N	\N	999	Joichi Ito	\N	4ebee253-075a-4a3f-8dbe-931cfc5e3c60	media	26dc0d3d-0474-46f3-9df7-454c23cc2b52/26dc0d3d-0474-46f3-9df7-454c23cc2b52-3c328286ebca999a.jpeg	public	ITO-2025-M-00009	g1gkqqd84z2c	image	\N	\N	2025-08-20 03:08:44.630199+00	2025-09-06 07:50:41.241431+00
48993c34-7737-4e01-befa-1935380b7be9	496f9814-6c75-467d-9c9b-4ebab37f5044	image	https://ropxawmhtemygmrojlhu.supabase.co/storage/v1/object/public/media/media/496f9814-6c75-467d-9c9b-4ebab37f5044/496f9814-6c75-467d-9c9b-4ebab37f5044-1119e5e891a36632.jpeg	\N	\N	\N	\N	999	\N	\N	\N	media	496f9814-6c75-467d-9c9b-4ebab37f5044/496f9814-6c75-467d-9c9b-4ebab37f5044-1119e5e891a36632.jpeg	public	ITO-2025-M-00012	gh3rq61cwjnb	image	\N	\N	2025-08-20 03:08:44.630199+00	2025-09-06 07:50:41.241431+00
1a4214ed-2f66-44f2-b55b-23bf3aa05d51	ce8a3eb8-91a5-4e49-a516-fd6f7576a75a	image	https://ropxawmhtemygmrojlhu.supabase.co/storage/v1/object/public/media/media/ce8a3eb8-91a5-4e49-a516-fd6f7576a75a/ce8a3eb8-91a5-4e49-a516-fd6f7576a75a-0a72cd2a11446d07.jpeg	\N	\N	\N	\N	999	Joichi Ito	\N	4ebee253-075a-4a3f-8dbe-931cfc5e3c60	media	ce8a3eb8-91a5-4e49-a516-fd6f7576a75a/ce8a3eb8-91a5-4e49-a516-fd6f7576a75a-0a72cd2a11446d07.jpeg	public	ITO-2025-M-00005	vq3zcccqdxs0	image	\N	\N	2025-08-20 03:08:44.630199+00	2025-09-06 07:50:41.241431+00
9f2aa9e7-5cdc-4cca-9d97-842b0ba668bc	e0355a9a-97b4-43d3-b4fd-fe5ab019d969	image	https://ropxawmhtemygmrojlhu.supabase.co/storage/v1/object/public/media/media/e0355a9a-97b4-43d3-b4fd-fe5ab019d969/e0355a9a-97b4-43d3-b4fd-fe5ab019d969-cc45e670b71dd5c9.jpeg	\N	\N	\N	\N	0	\N	\N	\N	media	e0355a9a-97b4-43d3-b4fd-fe5ab019d969/e0355a9a-97b4-43d3-b4fd-fe5ab019d969-cc45e670b71dd5c9.jpeg	public	ITO-2025-M-00024	fjz4mv6kdj55	image	\N	\N	2025-08-20 03:08:44.630199+00	2025-09-06 07:50:41.241431+00
70989f7c-c1a7-407f-b942-ff5b6aba3309	acd39df6-47b2-441b-85ea-cedf30b49f76	image	https://ropxawmhtemygmrojlhu.supabase.co/storage/v1/object/public/media/media/acd39df6-47b2-441b-85ea-cedf30b49f76/acd39df6-47b2-441b-85ea-cedf30b49f76-6a3b245c31d325de.jpeg	\N	\N	\N	\N	999	\N	\N	\N	media	acd39df6-47b2-441b-85ea-cedf30b49f76/acd39df6-47b2-441b-85ea-cedf30b49f76-6a3b245c31d325de.jpeg	public	ITO-2025-M-00014	6rt1v0j9gzch	image	\N	\N	2025-08-20 03:08:44.630199+00	2025-09-06 07:50:41.241431+00
5be9add3-3989-44dd-922b-5efe0697795d	2aee567f-c466-4eb9-9a5d-a081a02d9a38	image	https://ropxawmhtemygmrojlhu.supabase.co/storage/v1/object/public/media/media/2aee567f-c466-4eb9-9a5d-a081a02d9a38/2aee567f-c466-4eb9-9a5d-a081a02d9a38-bc44717b7fa840b2.png	\N	\N	\N	\N	999	\N	\N	\N	media	2aee567f-c466-4eb9-9a5d-a081a02d9a38/2aee567f-c466-4eb9-9a5d-a081a02d9a38-bc44717b7fa840b2.png	public	ITO-2025-M-00018	2d0p3szgnp3m	image	\N	\N	2025-08-20 03:08:44.630199+00	2025-09-06 07:50:41.241431+00
2ce5cb6c-1ecb-407a-9be2-023c192fb11c	3a8edc79-9027-4e8e-90e1-d4aecea1d05a	image	https://ropxawmhtemygmrojlhu.supabase.co/storage/v1/object/public/media/media/3a8edc79-9027-4e8e-90e1-d4aecea1d05a/3a8edc79-9027-4e8e-90e1-d4aecea1d05a-3f0376292486293d.jpeg	\N	\N	\N	\N	999	\N	\N	\N	media	3a8edc79-9027-4e8e-90e1-d4aecea1d05a/3a8edc79-9027-4e8e-90e1-d4aecea1d05a-3f0376292486293d.jpeg	public	ITO-2025-M-00019	mhcq3c11rrr0	image	\N	\N	2025-08-20 03:08:44.630199+00	2025-09-06 07:50:41.241431+00
cc3fa42d-586f-4214-8731-9a79a449bc69	257d4777-0781-433a-a968-9057d1c71967	image	https://ropxawmhtemygmrojlhu.supabase.co/storage/v1/object/public/media/media/257d4777-0781-433a-a968-9057d1c71967/257d4777-0781-433a-a968-9057d1c71967-e8778f370109cb44.jpeg	\N	\N	\N	\N	999	\N	\N	\N	media	257d4777-0781-433a-a968-9057d1c71967/257d4777-0781-433a-a968-9057d1c71967-e8778f370109cb44.jpeg	public	ITO-2025-M-00001	8wstgz925vdt	image	\N	\N	2025-08-20 03:08:44.630199+00	2025-09-06 07:50:41.241431+00
0fec46ab-4bcd-442a-82b7-9378ec890f87	257d4777-0781-433a-a968-9057d1c71967	image	https://ropxawmhtemygmrojlhu.supabase.co/storage/v1/object/public/media/media/257d4777-0781-433a-a968-9057d1c71967/257d4777-0781-433a-a968-9057d1c71967-46f946dc2d72d550.jpeg	\N	\N	\N	\N	999	\N	\N	\N	media	257d4777-0781-433a-a968-9057d1c71967/257d4777-0781-433a-a968-9057d1c71967-46f946dc2d72d550.jpeg	public	ITO-2025-M-00002	wrd0dbxgdsbv	image	\N	\N	2025-08-20 03:08:44.630199+00	2025-09-06 07:50:41.241431+00
dfb58db2-24fd-46a6-8647-853df49c07e1	aaf08d1b-6454-427e-ac7e-c118d8131b4c	image	https://ropxawmhtemygmrojlhu.supabase.co/storage/v1/object/public/media/media/aaf08d1b-6454-427e-ac7e-c118d8131b4c/aaf08d1b-6454-427e-ac7e-c118d8131b4c-d72b8b93cefe69f2.png	\N	\N	\N	\N	999	\N	\N	\N	media	aaf08d1b-6454-427e-ac7e-c118d8131b4c/aaf08d1b-6454-427e-ac7e-c118d8131b4c-d72b8b93cefe69f2.png	public	ITO-2025-M-00029	bqd4fcck9zb1	image	\N	\N	2025-08-20 03:08:44.630199+00	2025-09-06 07:50:41.241431+00
eec71685-2db6-4769-be67-4b30ffd7a4c3	257d4777-0781-433a-a968-9057d1c71967	image	https://ropxawmhtemygmrojlhu.supabase.co/storage/v1/object/public/media/media/257d4777-0781-433a-a968-9057d1c71967/257d4777-0781-433a-a968-9057d1c71967-36a11c7b41aeb477.jpeg	\N	\N	\N	\N	999	\N	\N	\N	media	257d4777-0781-433a-a968-9057d1c71967/257d4777-0781-433a-a968-9057d1c71967-36a11c7b41aeb477.jpeg	public	ITO-2025-M-00003	z4hn4fp2q61k	image	\N	\N	2025-08-20 03:08:44.630199+00	2025-09-06 07:50:41.241431+00
a11ec377-b878-434f-9bc0-6f9825e1e33c	3e9ed2d1-badd-4e51-863b-25d0d98d3f0e	image	https://ropxawmhtemygmrojlhu.supabase.co/storage/v1/object/public/media/media/3e9ed2d1-badd-4e51-863b-25d0d98d3f0e/3e9ed2d1-badd-4e51-863b-25d0d98d3f0e-af5f820a3f07dd62.jpeg	\N	\N	\N	\N	999	\N	\N	\N	media	3e9ed2d1-badd-4e51-863b-25d0d98d3f0e/3e9ed2d1-badd-4e51-863b-25d0d98d3f0e-af5f820a3f07dd62.jpeg	public	ITO-2025-M-00030	gmjgxctt16q4	image	\N	\N	2025-08-20 03:08:44.630199+00	2025-09-06 07:50:41.241431+00
6205089b-a980-4b70-892f-c64c5118a75b	682d4c73-4d6e-436e-a29a-3a4d9ecc638f	image	https://ropxawmhtemygmrojlhu.supabase.co/storage/v1/object/public/media/media/682d4c73-4d6e-436e-a29a-3a4d9ecc638f/682d4c73-4d6e-436e-a29a-3a4d9ecc638f-fde243422ca1b419.jpeg	\N	\N	\N	\N	999	\N	\N	\N	media	682d4c73-4d6e-436e-a29a-3a4d9ecc638f/682d4c73-4d6e-436e-a29a-3a4d9ecc638f-fde243422ca1b419.jpeg	public	ITO-2025-M-00034	50d7sxjzhvv9	image	\N	\N	2025-08-20 03:08:44.630199+00	2025-09-06 07:50:41.241431+00
c6efe050-f8d4-4a77-bdd3-15605e098f87	43a0ea99-0477-40c8-8be5-7864fc34c159	image	https://ropxawmhtemygmrojlhu.supabase.co/storage/v1/object/public/media/media/43a0ea99-0477-40c8-8be5-7864fc34c159/43a0ea99-0477-40c8-8be5-7864fc34c159-4c3992f789e00866.png	\N	\N	\N	\N	999	\N	\N	\N	media	43a0ea99-0477-40c8-8be5-7864fc34c159/43a0ea99-0477-40c8-8be5-7864fc34c159-4c3992f789e00866.png	public	ITO-2025-M-00007	0mwrhq35k7wh	image	\N	\N	2025-08-20 03:08:44.630199+00	2025-09-06 07:50:41.241431+00
b1068ea2-5521-42c6-8df7-19dec5738085	4725026d-6c73-42ad-a70b-96c1ef8cdd11	image	https://ropxawmhtemygmrojlhu.supabase.co/storage/v1/object/public/media/media/4725026d-6c73-42ad-a70b-96c1ef8cdd11/4725026d-6c73-42ad-a70b-96c1ef8cdd11-e4c8a618dd1ec29a.jpeg	\N	\N	\N	\N	999	\N	\N	\N	media	4725026d-6c73-42ad-a70b-96c1ef8cdd11/4725026d-6c73-42ad-a70b-96c1ef8cdd11-e4c8a618dd1ec29a.jpeg	public	ITO-2025-M-00035	sghgxh2cn0zh	image	\N	\N	2025-08-20 03:08:44.630199+00	2025-09-06 07:50:41.241431+00
efa393cb-d106-46c8-8107-4661757c5a70	f514e484-7082-46c6-91ae-7ac08c1273c5	image	https://ropxawmhtemygmrojlhu.supabase.co/storage/v1/object/public/media/media/f514e484-7082-46c6-91ae-7ac08c1273c5/f514e484-7082-46c6-91ae-7ac08c1273c5-bb64ed232d1a306f.jpeg	\N	\N	\N	\N	999	Joichi Ito	\N	4ebee253-075a-4a3f-8dbe-931cfc5e3c60	media	f514e484-7082-46c6-91ae-7ac08c1273c5/f514e484-7082-46c6-91ae-7ac08c1273c5-bb64ed232d1a306f.jpeg	public	ITO-2025-M-00058	k6nfcddn4d90	image	\N	\N	2025-08-20 03:08:44.630199+00	2025-09-06 07:50:41.241431+00
ff4034a7-c165-4a09-890a-d9732dd686d8	70c28102-d76c-482f-9f0d-db7c73805720	image	https://ropxawmhtemygmrojlhu.supabase.co/storage/v1/object/public/media/media/70c28102-d76c-482f-9f0d-db7c73805720/70c28102-d76c-482f-9f0d-db7c73805720-7553775de8bdd948.jpeg	\N	\N	\N	\N	999	Joichi Ito	\N	4ebee253-075a-4a3f-8dbe-931cfc5e3c60	media	70c28102-d76c-482f-9f0d-db7c73805720/70c28102-d76c-482f-9f0d-db7c73805720-7553775de8bdd948.jpeg	public	ITO-2025-M-00049	cvwpsh80d1sf	image	\N	\N	2025-08-20 03:08:44.630199+00	2025-09-06 07:50:41.241431+00
5a3e5038-7d83-4a67-a73f-faac8786eafc	f53ec23b-f7c5-4f0b-ad87-9b475f2c48d4	image	https://ropxawmhtemygmrojlhu.supabase.co/storage/v1/object/public/media/media/f53ec23b-f7c5-4f0b-ad87-9b475f2c48d4/f53ec23b-f7c5-4f0b-ad87-9b475f2c48d4-7b52a1d9c722b7fb.jpeg	\N	\N	\N	\N	999	\N	\N	\N	media	f53ec23b-f7c5-4f0b-ad87-9b475f2c48d4/f53ec23b-f7c5-4f0b-ad87-9b475f2c48d4-7b52a1d9c722b7fb.jpeg	public	ITO-2025-M-00041	8fggg1pnxk0s	image	\N	\N	2025-08-20 03:08:44.630199+00	2025-09-06 07:50:41.241431+00
eb0cd2be-74dc-43c3-9621-21dea00ef08f	cfcb473b-f6fb-4b5e-8756-16c26baa11c9	image	https://ropxawmhtemygmrojlhu.supabase.co/storage/v1/object/public/media/media/cfcb473b-f6fb-4b5e-8756-16c26baa11c9/cfcb473b-f6fb-4b5e-8756-16c26baa11c9-d8b6cce11cb168a7.jpeg	\N	\N	\N	\N	999	Joichi Ito	\N	4ebee253-075a-4a3f-8dbe-931cfc5e3c60	media	cfcb473b-f6fb-4b5e-8756-16c26baa11c9/cfcb473b-f6fb-4b5e-8756-16c26baa11c9-d8b6cce11cb168a7.jpeg	public	ITO-2025-M-00054	ms5w30pfd001	image	\N	\N	2025-08-20 03:08:44.630199+00	2025-09-06 07:50:41.241431+00
d0b40757-5b65-464c-8bb9-f440f5d9b1a5	f53ec23b-f7c5-4f0b-ad87-9b475f2c48d4	image	https://ropxawmhtemygmrojlhu.supabase.co/storage/v1/object/public/media/media/f53ec23b-f7c5-4f0b-ad87-9b475f2c48d4/f53ec23b-f7c5-4f0b-ad87-9b475f2c48d4-945a7ddad25a2513.jpeg	\N	\N	\N	\N	999	\N	\N	\N	media	f53ec23b-f7c5-4f0b-ad87-9b475f2c48d4/f53ec23b-f7c5-4f0b-ad87-9b475f2c48d4-945a7ddad25a2513.jpeg	public	ITO-2025-M-00042	v0s1m50r65d9	image	\N	\N	2025-08-20 03:08:44.630199+00	2025-09-06 07:50:41.241431+00
2da8d3b7-c76e-4de5-bdfc-6c52f41ecd18	70d18100-f952-4597-b3b1-53663191abc9	image	https://ropxawmhtemygmrojlhu.supabase.co/storage/v1/object/public/media/media/70d18100-f952-4597-b3b1-53663191abc9/70d18100-f952-4597-b3b1-53663191abc9-81106cbe302ba3d5.png	\N	\N	\N	\N	999	\N	\N	\N	media	70d18100-f952-4597-b3b1-53663191abc9/70d18100-f952-4597-b3b1-53663191abc9-81106cbe302ba3d5.png	public	ITO-M-2025-00005	\N	image	\N	\N	2025-09-03 02:37:04.381154+00	2025-09-06 07:50:41.241431+00
c8fc4331-c1e1-4d30-a6ef-635663bfcefd	f53ec23b-f7c5-4f0b-ad87-9b475f2c48d4	image	https://ropxawmhtemygmrojlhu.supabase.co/storage/v1/object/public/media/media/f53ec23b-f7c5-4f0b-ad87-9b475f2c48d4/f53ec23b-f7c5-4f0b-ad87-9b475f2c48d4-e81abcd821471ca1.jpeg	\N	\N	\N	\N	999	\N	\N	\N	media	f53ec23b-f7c5-4f0b-ad87-9b475f2c48d4/f53ec23b-f7c5-4f0b-ad87-9b475f2c48d4-e81abcd821471ca1.jpeg	public	ITO-2025-M-00043	pt6tt0dr5rfm	image	\N	\N	2025-08-20 03:08:44.630199+00	2025-09-06 07:50:41.241431+00
94862bf9-6bd5-4330-93a5-bd1598a49598	724fab60-d85b-4d43-bf5a-20cd2de2be3a	image	https://ropxawmhtemygmrojlhu.supabase.co/storage/v1/object/public/media/media/724fab60-d85b-4d43-bf5a-20cd2de2be3a/724fab60-d85b-4d43-bf5a-20cd2de2be3a-d05fd8e33ebbe594.jpeg	\N	\N	\N	\N	999	\N	\N	\N	media	724fab60-d85b-4d43-bf5a-20cd2de2be3a/724fab60-d85b-4d43-bf5a-20cd2de2be3a-d05fd8e33ebbe594.jpeg	public	ITO-2025-M-00044	6xq1ttdhz98p	image	\N	\N	2025-08-20 03:08:44.630199+00	2025-09-06 07:50:41.241431+00
1fb33014-d8bd-4980-9fae-abb3dd8f35ba	724fab60-d85b-4d43-bf5a-20cd2de2be3a	image	https://ropxawmhtemygmrojlhu.supabase.co/storage/v1/object/public/media/media/724fab60-d85b-4d43-bf5a-20cd2de2be3a/724fab60-d85b-4d43-bf5a-20cd2de2be3a-82e355f73c7b1ff7.jpeg	\N	\N	\N	\N	999	\N	\N	\N	media	724fab60-d85b-4d43-bf5a-20cd2de2be3a/724fab60-d85b-4d43-bf5a-20cd2de2be3a-82e355f73c7b1ff7.jpeg	public	ITO-2025-M-00045	1k2jvw143mz8	image	\N	\N	2025-08-20 03:08:44.630199+00	2025-09-06 07:50:41.241431+00
3641c77e-b6c2-493d-b9e2-10344d72ed23	724fab60-d85b-4d43-bf5a-20cd2de2be3a	image	https://ropxawmhtemygmrojlhu.supabase.co/storage/v1/object/public/media/media/724fab60-d85b-4d43-bf5a-20cd2de2be3a/724fab60-d85b-4d43-bf5a-20cd2de2be3a-25870512537d47ac.jpeg	\N	\N	\N	\N	999	\N	\N	\N	media	724fab60-d85b-4d43-bf5a-20cd2de2be3a/724fab60-d85b-4d43-bf5a-20cd2de2be3a-25870512537d47ac.jpeg	public	ITO-2025-M-00046	7wfvfptc2h62	image	\N	\N	2025-08-20 03:08:44.630199+00	2025-09-06 07:50:41.241431+00
32b7e5ac-c39f-43c1-9a77-e4b7feaf7ccd	70c28102-d76c-482f-9f0d-db7c73805720	image	https://ropxawmhtemygmrojlhu.supabase.co/storage/v1/object/public/media/media/70c28102-d76c-482f-9f0d-db7c73805720/70c28102-d76c-482f-9f0d-db7c73805720-e4ae06ea9f8a910e.jpeg	\N	\N	\N	\N	999	\N	\N	\N	media	70c28102-d76c-482f-9f0d-db7c73805720/70c28102-d76c-482f-9f0d-db7c73805720-e4ae06ea9f8a910e.jpeg	public	ITO-2025-M-00047	sxrr3b6t68p3	image	\N	\N	2025-08-20 03:08:44.630199+00	2025-09-06 07:50:41.241431+00
144291ad-de1f-4bbb-8bf7-61d82e647087	70c28102-d76c-482f-9f0d-db7c73805720	image	https://ropxawmhtemygmrojlhu.supabase.co/storage/v1/object/public/media/media/70c28102-d76c-482f-9f0d-db7c73805720/70c28102-d76c-482f-9f0d-db7c73805720-5168186793ce91ab.jpeg	\N	\N	\N	\N	999	\N	\N	\N	media	70c28102-d76c-482f-9f0d-db7c73805720/70c28102-d76c-482f-9f0d-db7c73805720-5168186793ce91ab.jpeg	public	ITO-2025-M-00048	dh72c6vxjp1j	image	\N	\N	2025-08-20 03:08:44.630199+00	2025-09-06 07:50:41.241431+00
541084ee-0a4b-429c-a5e0-66da693974ff	38d72a18-b0f8-48f5-8081-523853983a09	image	https://ropxawmhtemygmrojlhu.supabase.co/storage/v1/object/public/media/media/38d72a18-b0f8-48f5-8081-523853983a09/38d72a18-b0f8-48f5-8081-523853983a09-fb8f14af083e2075.jpeg	\N	\N	\N	\N	999	\N	\N	\N	media	38d72a18-b0f8-48f5-8081-523853983a09/38d72a18-b0f8-48f5-8081-523853983a09-fb8f14af083e2075.jpeg	public	ITO-2025-M-00050	0k2p94x5mpz1	image	\N	\N	2025-08-20 03:08:44.630199+00	2025-09-06 07:50:41.241431+00
c80ba2b2-065b-4614-99c3-02c994f969d7	38d72a18-b0f8-48f5-8081-523853983a09	image	https://ropxawmhtemygmrojlhu.supabase.co/storage/v1/object/public/media/media/38d72a18-b0f8-48f5-8081-523853983a09/38d72a18-b0f8-48f5-8081-523853983a09-c164f7e956e0d84b.png	\N	\N	\N	\N	999	\N	\N	\N	media	38d72a18-b0f8-48f5-8081-523853983a09/38d72a18-b0f8-48f5-8081-523853983a09-c164f7e956e0d84b.png	public	ITO-2025-M-00051	bbv46hbvh1d0	image	\N	\N	2025-08-20 03:08:44.630199+00	2025-09-06 07:50:41.241431+00
93eb38bc-c9bb-47f7-8aef-8cb6d7de1fc3	cfcb473b-f6fb-4b5e-8756-16c26baa11c9	image	https://ropxawmhtemygmrojlhu.supabase.co/storage/v1/object/public/media/media/cfcb473b-f6fb-4b5e-8756-16c26baa11c9/cfcb473b-f6fb-4b5e-8756-16c26baa11c9-28aea3da1467a4e7.png	\N	\N	\N	\N	999	\N	\N	\N	media	cfcb473b-f6fb-4b5e-8756-16c26baa11c9/cfcb473b-f6fb-4b5e-8756-16c26baa11c9-28aea3da1467a4e7.png	public	ITO-2025-M-00053	x6pbdrcf71m3	image	\N	\N	2025-08-20 03:08:44.630199+00	2025-09-06 07:50:41.241431+00
983f19f7-ca65-4307-998e-a7135acfa3ef	6a9caad1-0598-4531-8306-b05ccd1ef575	image	https://ropxawmhtemygmrojlhu.supabase.co/storage/v1/object/public/media/media/6a9caad1-0598-4531-8306-b05ccd1ef575/6a9caad1-0598-4531-8306-b05ccd1ef575-3135b987131d4724.png	\N	\N	\N	\N	999	\N	\N	\N	media	6a9caad1-0598-4531-8306-b05ccd1ef575/6a9caad1-0598-4531-8306-b05ccd1ef575-3135b987131d4724.png	public	ITO-2025-M-00056	3h92sw17s9sf	image	\N	\N	2025-08-20 03:08:44.630199+00	2025-09-06 07:50:41.241431+00
fe7bfd5b-d467-4332-8b35-868d40b54b82	6a9caad1-0598-4531-8306-b05ccd1ef575	image	https://ropxawmhtemygmrojlhu.supabase.co/storage/v1/object/public/media/media/6a9caad1-0598-4531-8306-b05ccd1ef575/6a9caad1-0598-4531-8306-b05ccd1ef575-0e4cf653d3fde384.png	\N	\N	\N	\N	999	\N	\N	\N	media	6a9caad1-0598-4531-8306-b05ccd1ef575/6a9caad1-0598-4531-8306-b05ccd1ef575-0e4cf653d3fde384.png	public	ITO-2025-M-00057	d4nx6xkft0sz	image	\N	\N	2025-08-20 03:08:44.630199+00	2025-09-06 07:50:41.241431+00
2afd6e44-5bfa-4b9a-99f8-19c845aa303a	7242f206-1903-4a35-ab5c-cd23f5c7cd3d	image	https://ropxawmhtemygmrojlhu.supabase.co/storage/v1/object/public/media/media/7242f206-1903-4a35-ab5c-cd23f5c7cd3d/7242f206-1903-4a35-ab5c-cd23f5c7cd3d-ee03de539c36793b.jpeg	\N	\N	\N	\N	999	\N	\N	\N	media	7242f206-1903-4a35-ab5c-cd23f5c7cd3d/7242f206-1903-4a35-ab5c-cd23f5c7cd3d-ee03de539c36793b.jpeg	public	ITO-2025-M-00062	3hh5nd9f4bfs	image	\N	\N	2025-08-20 03:08:44.630199+00	2025-09-06 07:50:41.241431+00
a512f7e7-733b-4d66-a4c0-1f65bad49dcf	f52bde88-0544-4cb3-9d6e-7d2a28048565	image	https://ropxawmhtemygmrojlhu.supabase.co/storage/v1/object/public/media/media/f52bde88-0544-4cb3-9d6e-7d2a28048565/f52bde88-0544-4cb3-9d6e-7d2a28048565-810bce0ed26f3d10.png	\N	\N	\N	\N	999	\N	\N	\N	media	f52bde88-0544-4cb3-9d6e-7d2a28048565/f52bde88-0544-4cb3-9d6e-7d2a28048565-810bce0ed26f3d10.png	public	ITO-M-2025-00006	\N	image	\N	\N	2025-09-03 02:37:11.054918+00	2025-09-06 07:50:41.241431+00
a556dbe9-ee76-4768-a518-2f27019a993f	f514e484-7082-46c6-91ae-7ac08c1273c5	image	https://ropxawmhtemygmrojlhu.supabase.co/storage/v1/object/public/media/media/f514e484-7082-46c6-91ae-7ac08c1273c5/f514e484-7082-46c6-91ae-7ac08c1273c5-1e4539e78f4ba952.jpeg	\N	\N	\N	\N	999	\N	\N	\N	media	f514e484-7082-46c6-91ae-7ac08c1273c5/f514e484-7082-46c6-91ae-7ac08c1273c5-1e4539e78f4ba952.jpeg	public	ITO-2025-M-00059	27n103spwbt4	image	\N	\N	2025-08-20 03:08:44.630199+00	2025-09-06 07:50:41.241431+00
30b27ce4-c2f6-4fd7-8e1e-f78400e6a04a	fe962676-9acf-4904-b1e7-394fd740a18c	image	https://ropxawmhtemygmrojlhu.supabase.co/storage/v1/object/public/media/media/fe962676-9acf-4904-b1e7-394fd740a18c/fe962676-9acf-4904-b1e7-394fd740a18c-a87093e822b73af4.png	\N	\N	\N	\N	999	\N	\N	\N	media	fe962676-9acf-4904-b1e7-394fd740a18c/fe962676-9acf-4904-b1e7-394fd740a18c-a87093e822b73af4.png	public	ITO-2025-M-00070	9vschpjb7z90	image	\N	\N	2025-08-20 03:08:44.630199+00	2025-09-06 07:50:41.241431+00
3627c72e-9059-42bc-9d7e-c58401d1a566	f514e484-7082-46c6-91ae-7ac08c1273c5	image	https://ropxawmhtemygmrojlhu.supabase.co/storage/v1/object/public/media/media/f514e484-7082-46c6-91ae-7ac08c1273c5/f514e484-7082-46c6-91ae-7ac08c1273c5-01f2f8a98d469b3b.jpeg	\N	\N	\N	\N	999	\N	\N	\N	media	f514e484-7082-46c6-91ae-7ac08c1273c5/f514e484-7082-46c6-91ae-7ac08c1273c5-01f2f8a98d469b3b.jpeg	public	ITO-2025-M-00060	9sx7kmf1c66s	image	\N	\N	2025-08-20 03:08:44.630199+00	2025-09-06 07:50:41.241431+00
11dec509-a0c6-42ee-b108-9c7afa39ea81	7242f206-1903-4a35-ab5c-cd23f5c7cd3d	image	https://ropxawmhtemygmrojlhu.supabase.co/storage/v1/object/public/media/media/7242f206-1903-4a35-ab5c-cd23f5c7cd3d/7242f206-1903-4a35-ab5c-cd23f5c7cd3d-ac8b2f15488e9a5e.jpeg	\N	\N	\N	\N	999	\N	\N	\N	media	7242f206-1903-4a35-ab5c-cd23f5c7cd3d/7242f206-1903-4a35-ab5c-cd23f5c7cd3d-ac8b2f15488e9a5e.jpeg	public	ITO-2025-M-00061	1f7vh5b7h2kj	image	\N	\N	2025-08-20 03:08:44.630199+00	2025-09-06 07:50:41.241431+00
3010e7f5-c039-4861-8797-190ead9dbc8b	fe962676-9acf-4904-b1e7-394fd740a18c	image	https://ropxawmhtemygmrojlhu.supabase.co/storage/v1/object/public/media/media/fe962676-9acf-4904-b1e7-394fd740a18c/fe962676-9acf-4904-b1e7-394fd740a18c-a1ee1ccbb91d358d.jpeg	\N	\N	\N	\N	999	\N	\N	\N	media	fe962676-9acf-4904-b1e7-394fd740a18c/fe962676-9acf-4904-b1e7-394fd740a18c-a1ee1ccbb91d358d.jpeg	public	ITO-2025-M-00071	4dq39dn730rs	image	\N	\N	2025-08-20 03:08:44.630199+00	2025-09-06 07:50:41.241431+00
1bbd4041-8a1d-4d45-a37c-fd4f3fad6d6f	18afe129-e588-4847-b45f-97beeb8d3c99	image	https://ropxawmhtemygmrojlhu.supabase.co/storage/v1/object/public/media/media/18afe129-e588-4847-b45f-97beeb8d3c99/18afe129-e588-4847-b45f-97beeb8d3c99-db82548cfb8f5223.png	\N	\N	\N	\N	999	\N	\N	\N	media	18afe129-e588-4847-b45f-97beeb8d3c99/18afe129-e588-4847-b45f-97beeb8d3c99-db82548cfb8f5223.png	public	ITO-2025-M-00065	c2dxvzb9dzbh	image	\N	\N	2025-08-20 03:08:44.630199+00	2025-09-06 07:50:41.241431+00
067c1c54-0549-4a1a-9fa8-3183436208ff	a2566332-f717-43e9-85f9-9bf2a7cdf267	image	https://ropxawmhtemygmrojlhu.supabase.co/storage/v1/object/public/media/media/a2566332-f717-43e9-85f9-9bf2a7cdf267/a2566332-f717-43e9-85f9-9bf2a7cdf267-2b42153c1b9881e8.png	\N	\N	\N	\N	999	\N	\N	\N	media	a2566332-f717-43e9-85f9-9bf2a7cdf267/a2566332-f717-43e9-85f9-9bf2a7cdf267-2b42153c1b9881e8.png	public	ITO-2025-M-00066	9rm9n9j5kp0m	image	\N	\N	2025-08-20 03:08:44.630199+00	2025-09-06 07:50:41.241431+00
effb2935-ccc9-4b8a-bd3b-d95fc0881446	95f24bc5-726e-4b64-b251-3b934dd669be	image	https://ropxawmhtemygmrojlhu.supabase.co/storage/v1/object/public/media/media/95f24bc5-726e-4b64-b251-3b934dd669be/95f24bc5-726e-4b64-b251-3b934dd669be-bd6d303db5ae14d3.png	\N	\N	\N	\N	999	\N	\N	\N	media	95f24bc5-726e-4b64-b251-3b934dd669be/95f24bc5-726e-4b64-b251-3b934dd669be-bd6d303db5ae14d3.png	public	ITO-2025-M-00072	3x1k2vhgm3ff	image	\N	\N	2025-08-20 03:08:44.630199+00	2025-09-06 07:50:41.241431+00
0e93be8a-03c8-4e31-8289-fe75a40ed8f1	96ea7f30-26b6-4b1c-92b9-ff779e40156f	image	https://ropxawmhtemygmrojlhu.supabase.co/storage/v1/object/public/media/media/96ea7f30-26b6-4b1c-92b9-ff779e40156f/96ea7f30-26b6-4b1c-92b9-ff779e40156f-96335bad593bbd0d.png	\N	\N	\N	\N	999	\N	\N	\N	media	96ea7f30-26b6-4b1c-92b9-ff779e40156f/96ea7f30-26b6-4b1c-92b9-ff779e40156f-96335bad593bbd0d.png	public	ITO-2025-M-00067	b16gbj9n6nhb	image	\N	\N	2025-08-20 03:08:44.630199+00	2025-09-06 07:50:41.241431+00
26b55660-5a87-415d-8585-51b1f95e73ca	95f24bc5-726e-4b64-b251-3b934dd669be	image	https://ropxawmhtemygmrojlhu.supabase.co/storage/v1/object/public/media/media/95f24bc5-726e-4b64-b251-3b934dd669be/95f24bc5-726e-4b64-b251-3b934dd669be-73785b83d10ea2ab.png	\N	\N	\N	\N	999	\N	\N	\N	media	95f24bc5-726e-4b64-b251-3b934dd669be/95f24bc5-726e-4b64-b251-3b934dd669be-73785b83d10ea2ab.png	public	ITO-2025-M-00074	cnj66p96nkft	image	\N	\N	2025-08-20 03:08:44.630199+00	2025-09-06 07:50:41.241431+00
0dbf6286-88bd-4e2e-a46b-3a1392575090	f01455ca-258f-4e24-91f5-2b80eda34d5a	image	https://ropxawmhtemygmrojlhu.supabase.co/storage/v1/object/public/media/media/f01455ca-258f-4e24-91f5-2b80eda34d5a/f01455ca-258f-4e24-91f5-2b80eda34d5a-1d08c8cddc8b27b2.png	\N	\N	\N	\N	999	\N	\N	\N	media	f01455ca-258f-4e24-91f5-2b80eda34d5a/f01455ca-258f-4e24-91f5-2b80eda34d5a-1d08c8cddc8b27b2.png	public	ITO-2025-M-00075	qsbdm0j2pxg6	image	\N	\N	2025-08-20 03:08:44.630199+00	2025-09-06 07:50:41.241431+00
39265f0f-8c8b-4c77-8a38-0098a760808c	f01455ca-258f-4e24-91f5-2b80eda34d5a	image	https://ropxawmhtemygmrojlhu.supabase.co/storage/v1/object/public/media/media/f01455ca-258f-4e24-91f5-2b80eda34d5a/f01455ca-258f-4e24-91f5-2b80eda34d5a-1d9b2b6ada474a75.png	\N	\N	\N	\N	999	\N	\N	\N	media	f01455ca-258f-4e24-91f5-2b80eda34d5a/f01455ca-258f-4e24-91f5-2b80eda34d5a-1d9b2b6ada474a75.png	public	ITO-2025-M-00076	qr06wt489ts5	image	\N	\N	2025-08-20 03:08:44.630199+00	2025-09-06 07:50:41.241431+00
9d85cad1-2f31-4db5-a398-608bcb988323	2aee567f-c466-4eb9-9a5d-a081a02d9a38	image	https://ropxawmhtemygmrojlhu.supabase.co/storage/v1/object/public/media/media/2aee567f-c466-4eb9-9a5d-a081a02d9a38/2aee567f-c466-4eb9-9a5d-a081a02d9a38-682636a48fb59e1b.png	\N	\N	\N	\N	999	\N	\N	\N	media	2aee567f-c466-4eb9-9a5d-a081a02d9a38/2aee567f-c466-4eb9-9a5d-a081a02d9a38-682636a48fb59e1b.png	public	ITO-2025-M-00079	rqcvnqwfpcwp	image	\N	\N	2025-08-20 03:08:44.630199+00	2025-09-06 07:50:41.241431+00
2dd033f1-5ed3-4f3b-a948-18b6a73a4770	47f3a9f0-f06e-47dd-9b82-99df922e23aa	image	https://ropxawmhtemygmrojlhu.supabase.co/storage/v1/object/public/media/media/47f3a9f0-f06e-47dd-9b82-99df922e23aa/47f3a9f0-f06e-47dd-9b82-99df922e23aa-007a8df7e8ecc147.jpeg	\N	\N	\N	\N	999	\N	\N	\N	media	47f3a9f0-f06e-47dd-9b82-99df922e23aa/47f3a9f0-f06e-47dd-9b82-99df922e23aa-007a8df7e8ecc147.jpeg	public	ITO-2025-M-00083	chnz8mkvwnhq	image	\N	\N	2025-08-20 03:08:44.630199+00	2025-09-06 07:50:41.241431+00
268649c9-b443-45f5-8c60-89c84289ef78	f53ec23b-f7c5-4f0b-ad87-9b475f2c48d4	image	https://ropxawmhtemygmrojlhu.supabase.co/storage/v1/object/public/media/media/f53ec23b-f7c5-4f0b-ad87-9b475f2c48d4/f53ec23b-f7c5-4f0b-ad87-9b475f2c48d4-6c35c383ac888a93.jpeg	\N	\N	\N	\N	999	\N	\N	\N	media	f53ec23b-f7c5-4f0b-ad87-9b475f2c48d4/f53ec23b-f7c5-4f0b-ad87-9b475f2c48d4-6c35c383ac888a93.jpeg	public	ITO-2025-M-00084	wpzztjp6xn0t	image	\N	\N	2025-08-20 03:08:44.630199+00	2025-09-06 07:50:41.241431+00
d09ab213-b974-4b39-bfb6-24ddbaa47b1a	724fab60-d85b-4d43-bf5a-20cd2de2be3a	image	https://ropxawmhtemygmrojlhu.supabase.co/storage/v1/object/public/media/media/724fab60-d85b-4d43-bf5a-20cd2de2be3a/724fab60-d85b-4d43-bf5a-20cd2de2be3a-2b699d2cff3ee528.jpeg	\N	\N	\N	\N	999	\N	\N	\N	media	724fab60-d85b-4d43-bf5a-20cd2de2be3a/724fab60-d85b-4d43-bf5a-20cd2de2be3a-2b699d2cff3ee528.jpeg	public	ITO-2025-M-00088	mqjw23563g1m	image	\N	\N	2025-08-20 03:08:44.630199+00	2025-09-06 07:50:41.241431+00
5b311f25-5bf5-497e-b3ca-795f00ab7765	ce8a3eb8-91a5-4e49-a516-fd6f7576a75a	image	https://ropxawmhtemygmrojlhu.supabase.co/storage/v1/object/public/media/media/ce8a3eb8-91a5-4e49-a516-fd6f7576a75a/ce8a3eb8-91a5-4e49-a516-fd6f7576a75a-cf2c2ea3ee76ff2c.jpeg	\N	\N	\N	\N	999	\N	\N	\N	media	ce8a3eb8-91a5-4e49-a516-fd6f7576a75a/ce8a3eb8-91a5-4e49-a516-fd6f7576a75a-cf2c2ea3ee76ff2c.jpeg	public	ITO-2025-M-00089	98h3x0qf2rbv	image	\N	\N	2025-08-20 03:08:44.630199+00	2025-09-06 07:50:41.241431+00
4e2f6017-3e02-43cf-85f2-964b3c1e5b49	3a8edc79-9027-4e8e-90e1-d4aecea1d05a	image	https://ropxawmhtemygmrojlhu.supabase.co/storage/v1/object/public/media/media/3a8edc79-9027-4e8e-90e1-d4aecea1d05a/3a8edc79-9027-4e8e-90e1-d4aecea1d05a-918706cc1a0269e1.jpeg	\N	\N	\N	\N	999	\N	\N	\N	media	3a8edc79-9027-4e8e-90e1-d4aecea1d05a/3a8edc79-9027-4e8e-90e1-d4aecea1d05a-918706cc1a0269e1.jpeg	public	ITO-2025-M-00082	4x9zw6ntfp83	image	\N	\N	2025-08-20 03:08:44.630199+00	2025-09-06 07:50:41.241431+00
221d3f33-572d-4392-ba7c-d5103543e3fa	\N	image	https://ropxawmhtemygmrojlhu.supabase.co/storage/v1/object/public/media/media/e0b737b8-acd6-4e6b-aaa2-b922c33feb80/ssb14z7m49.jpeg	\N	\N	\N	\N	999	\N	\N	\N	media	media/e0b737b8-acd6-4e6b-aaa2-b922c33feb80/ssb14z7m49.jpeg	public	ITO-M-2025-00002	4p63fst176qc	image	\N	\N	2025-08-20 06:14:43.913341+00	2025-09-06 07:50:41.241431+00
93c454e3-bf4b-46aa-86b7-462ce0f22cd0	7242f206-1903-4a35-ab5c-cd23f5c7cd3d	image	https://ropxawmhtemygmrojlhu.supabase.co/storage/v1/object/public/media/media/7242f206-1903-4a35-ab5c-cd23f5c7cd3d/7242f206-1903-4a35-ab5c-cd23f5c7cd3d-163941b6ad31c49c.jpeg	\N	\N	\N	\N	999	Joichi Ito	\N	4ebee253-075a-4a3f-8dbe-931cfc5e3c60	media	7242f206-1903-4a35-ab5c-cd23f5c7cd3d/7242f206-1903-4a35-ab5c-cd23f5c7cd3d-163941b6ad31c49c.jpeg	public	ITO-2025-M-00063	x6qr5jcg56c5	image	\N	\N	2025-08-20 03:08:44.630199+00	2025-09-06 07:50:41.241431+00
8a852d14-0b54-4fce-824c-444fff0dbe32	95f24bc5-726e-4b64-b251-3b934dd669be	image	https://ropxawmhtemygmrojlhu.supabase.co/storage/v1/object/public/media/media/95f24bc5-726e-4b64-b251-3b934dd669be/95f24bc5-726e-4b64-b251-3b934dd669be-b194a66eefcb1d88.png	\N	\N	\N	\N	999	\N	\N	\N	media	95f24bc5-726e-4b64-b251-3b934dd669be/95f24bc5-726e-4b64-b251-3b934dd669be-b194a66eefcb1d88.png	public	ITO-2025-M-00073	0zq68nh6mwt7	image	\N	\N	2025-08-20 03:08:44.630199+00	2025-09-06 07:50:41.241431+00
796b9dd3-08e3-4baa-8d55-d884dd778e4f	96ea7f30-26b6-4b1c-92b9-ff779e40156f	image	https://ropxawmhtemygmrojlhu.supabase.co/storage/v1/object/public/media/media/96ea7f30-26b6-4b1c-92b9-ff779e40156f/96ea7f30-26b6-4b1c-92b9-ff779e40156f-3a3b52d822c15582.png	\N	\N	\N	\N	999	\N	\N	\N	media	96ea7f30-26b6-4b1c-92b9-ff779e40156f/96ea7f30-26b6-4b1c-92b9-ff779e40156f-3a3b52d822c15582.png	public	ITO-2025-M-00068	zksv1d9vd4w1	image	\N	\N	2025-08-20 03:08:44.630199+00	2025-09-06 07:50:41.241431+00
8a9c3336-41a0-4650-bc7f-0dbed245774f	7768e24a-431e-4802-aced-d8b7cd3b438c	image	https://ropxawmhtemygmrojlhu.supabase.co/storage/v1/object/public/media/media/7768e24a-431e-4802-aced-d8b7cd3b438c/7768e24a-431e-4802-aced-d8b7cd3b438c-f8aa3649f5c8468b.png	\N	\N	\N	\N	999	\N	\N	\N	media	7768e24a-431e-4802-aced-d8b7cd3b438c/7768e24a-431e-4802-aced-d8b7cd3b438c-f8aa3649f5c8468b.png	public	ITO-2025-M-00069	kfp3bt1h3hdk	image	\N	\N	2025-08-20 03:08:44.630199+00	2025-09-06 07:50:41.241431+00
92213b37-72eb-4000-9154-3c78dd73c6c7	acd39df6-47b2-441b-85ea-cedf30b49f76	image	https://ropxawmhtemygmrojlhu.supabase.co/storage/v1/object/public/media/media/acd39df6-47b2-441b-85ea-cedf30b49f76/acd39df6-47b2-441b-85ea-cedf30b49f76-b6f225f5b904737a.jpeg	\N	\N	\N	\N	999	\N	\N	\N	media	acd39df6-47b2-441b-85ea-cedf30b49f76/acd39df6-47b2-441b-85ea-cedf30b49f76-b6f225f5b904737a.jpeg	public	ITO-2025-M-00077	30vr9rhf1mgr	image	\N	\N	2025-08-20 03:08:44.630199+00	2025-09-06 07:50:41.241431+00
636f4997-b359-49b6-b3e3-0c9589576844	f53ec23b-f7c5-4f0b-ad87-9b475f2c48d4	image	https://ropxawmhtemygmrojlhu.supabase.co/storage/v1/object/public/media/media/f53ec23b-f7c5-4f0b-ad87-9b475f2c48d4/f53ec23b-f7c5-4f0b-ad87-9b475f2c48d4-417af6a1d9708dba.jpeg	\N	\N	\N	\N	999	\N	\N	\N	media	f53ec23b-f7c5-4f0b-ad87-9b475f2c48d4/f53ec23b-f7c5-4f0b-ad87-9b475f2c48d4-417af6a1d9708dba.jpeg	public	ITO-2025-M-00085	w4d2ndwhjkmq	image	\N	\N	2025-08-20 03:08:44.630199+00	2025-09-06 07:50:41.241431+00
bc7d83fd-2732-4278-93e3-643fbed4ae14	f53ec23b-f7c5-4f0b-ad87-9b475f2c48d4	image	https://ropxawmhtemygmrojlhu.supabase.co/storage/v1/object/public/media/media/f53ec23b-f7c5-4f0b-ad87-9b475f2c48d4/f53ec23b-f7c5-4f0b-ad87-9b475f2c48d4-bbcfe0099600d38f.jpeg	\N	\N	\N	\N	999	\N	\N	\N	media	f53ec23b-f7c5-4f0b-ad87-9b475f2c48d4/f53ec23b-f7c5-4f0b-ad87-9b475f2c48d4-bbcfe0099600d38f.jpeg	public	ITO-2025-M-00086	nwfcq64bjwhm	image	\N	\N	2025-08-20 03:08:44.630199+00	2025-09-06 07:50:41.241431+00
460c32c9-4e6d-467d-9377-069475af21d1	724fab60-d85b-4d43-bf5a-20cd2de2be3a	image	https://ropxawmhtemygmrojlhu.supabase.co/storage/v1/object/public/media/media/724fab60-d85b-4d43-bf5a-20cd2de2be3a/724fab60-d85b-4d43-bf5a-20cd2de2be3a-b2931c5e790d0432.jpeg	\N	\N	\N	\N	999	\N	\N	\N	media	724fab60-d85b-4d43-bf5a-20cd2de2be3a/724fab60-d85b-4d43-bf5a-20cd2de2be3a-b2931c5e790d0432.jpeg	public	ITO-2025-M-00087	3kmj145sbv8s	image	\N	\N	2025-08-20 03:08:44.630199+00	2025-09-06 07:50:41.241431+00
0a130e59-285a-464a-9b95-2bbebe906ad7	ce8a3eb8-91a5-4e49-a516-fd6f7576a75a	image	https://ropxawmhtemygmrojlhu.supabase.co/storage/v1/object/public/media/media/ce8a3eb8-91a5-4e49-a516-fd6f7576a75a/ce8a3eb8-91a5-4e49-a516-fd6f7576a75a-47ec1d6c0054b463.jpeg	\N	\N	\N	\N	999	\N	\N	\N	media	ce8a3eb8-91a5-4e49-a516-fd6f7576a75a/ce8a3eb8-91a5-4e49-a516-fd6f7576a75a-47ec1d6c0054b463.jpeg	public	ITO-2025-M-00090	1z3ktrvcp5kz	image	\N	\N	2025-08-20 03:08:44.630199+00	2025-09-06 07:50:41.241431+00
24d84f99-462d-4efe-a17f-78b11a4f4df1	ce8a3eb8-91a5-4e49-a516-fd6f7576a75a	image	https://ropxawmhtemygmrojlhu.supabase.co/storage/v1/object/public/media/media/ce8a3eb8-91a5-4e49-a516-fd6f7576a75a/ce8a3eb8-91a5-4e49-a516-fd6f7576a75a-9a9ae0d8d1cb30b7.jpeg	\N	\N	\N	\N	999	\N	\N	\N	media	ce8a3eb8-91a5-4e49-a516-fd6f7576a75a/ce8a3eb8-91a5-4e49-a516-fd6f7576a75a-9a9ae0d8d1cb30b7.jpeg	public	ITO-2025-M-00091	qtq9ch1v04z9	image	\N	\N	2025-08-20 03:08:44.630199+00	2025-09-06 07:50:41.241431+00
409dbff8-57c1-4897-b8cf-52df7d87d208	ce8a3eb8-91a5-4e49-a516-fd6f7576a75a	image	https://ropxawmhtemygmrojlhu.supabase.co/storage/v1/object/public/media/media/ce8a3eb8-91a5-4e49-a516-fd6f7576a75a/ce8a3eb8-91a5-4e49-a516-fd6f7576a75a-3ecb7ac0d638d13d.jpeg	\N	\N	\N	\N	999	\N	\N	\N	media	ce8a3eb8-91a5-4e49-a516-fd6f7576a75a/ce8a3eb8-91a5-4e49-a516-fd6f7576a75a-3ecb7ac0d638d13d.jpeg	public	ITO-2025-M-00092	d3gpbpmjnvjk	image	\N	\N	2025-08-20 03:08:44.630199+00	2025-09-06 07:50:41.241431+00
b1fe9589-f854-4e1b-aceb-8de108964d1b	257d4777-0781-433a-a968-9057d1c71967	image	https://ropxawmhtemygmrojlhu.supabase.co/storage/v1/object/public/media/media/257d4777-0781-433a-a968-9057d1c71967/257d4777-0781-433a-a968-9057d1c71967-6dbdeb08c2a08372.jpeg	\N	\N	\N	\N	999	\N	\N	\N	media	257d4777-0781-433a-a968-9057d1c71967/257d4777-0781-433a-a968-9057d1c71967-6dbdeb08c2a08372.jpeg	public	ITO-2025-M-00094	38rmkbwfm6wj	image	\N	\N	2025-08-20 03:08:44.630199+00	2025-09-06 07:50:41.241431+00
9bad4367-1724-4ce0-9cb5-b5bba189fcc1	257d4777-0781-433a-a968-9057d1c71967	image	https://ropxawmhtemygmrojlhu.supabase.co/storage/v1/object/public/media/media/257d4777-0781-433a-a968-9057d1c71967/257d4777-0781-433a-a968-9057d1c71967-6d02e256ff2e0b49.jpeg	\N	\N	\N	\N	999	\N	\N	\N	media	257d4777-0781-433a-a968-9057d1c71967/257d4777-0781-433a-a968-9057d1c71967-6d02e256ff2e0b49.jpeg	public	ITO-2025-M-00095	f721nnc5bp4x	image	\N	\N	2025-08-20 03:08:44.630199+00	2025-09-06 07:50:41.241431+00
2433bdaf-0aad-45dd-a31c-d78c88597364	70c28102-d76c-482f-9f0d-db7c73805720	image	https://ropxawmhtemygmrojlhu.supabase.co/storage/v1/object/public/media/media/70c28102-d76c-482f-9f0d-db7c73805720/70c28102-d76c-482f-9f0d-db7c73805720-37735b4714510cb2.jpeg	\N	\N	\N	\N	999	\N	\N	\N	media	70c28102-d76c-482f-9f0d-db7c73805720/70c28102-d76c-482f-9f0d-db7c73805720-37735b4714510cb2.jpeg	public	ITO-2025-M-00096	02kwkkzsxqq9	image	\N	\N	2025-08-20 03:08:44.630199+00	2025-09-06 07:50:41.241431+00
80788193-c7a5-45d9-96c6-e8d42fa063c1	38d72a18-b0f8-48f5-8081-523853983a09	image	https://ropxawmhtemygmrojlhu.supabase.co/storage/v1/object/public/media/media/38d72a18-b0f8-48f5-8081-523853983a09/38d72a18-b0f8-48f5-8081-523853983a09-dfe6fe5546134070.png	\N	\N	\N	\N	999	\N	\N	\N	media	38d72a18-b0f8-48f5-8081-523853983a09/38d72a18-b0f8-48f5-8081-523853983a09-dfe6fe5546134070.png	public	ITO-2025-M-00097	8bnzhp1khb1t	image	\N	\N	2025-08-20 03:08:44.630199+00	2025-09-06 07:50:41.241431+00
9cf541f2-cc54-476a-9805-dab3466ba8a7	6a9caad1-0598-4531-8306-b05ccd1ef575	image	https://ropxawmhtemygmrojlhu.supabase.co/storage/v1/object/public/media/media/6a9caad1-0598-4531-8306-b05ccd1ef575/6a9caad1-0598-4531-8306-b05ccd1ef575-07ddf1320e754138.png	\N	\N	\N	\N	999	\N	\N	\N	media	6a9caad1-0598-4531-8306-b05ccd1ef575/6a9caad1-0598-4531-8306-b05ccd1ef575-07ddf1320e754138.png	public	ITO-2025-M-00098	1pq56x2xfm11	image	\N	\N	2025-08-20 03:08:44.630199+00	2025-09-06 07:50:41.241431+00
a273270a-e057-4cd9-a1f7-bc9dbaa1c9f8	3a8edc79-9027-4e8e-90e1-d4aecea1d05a	image	https://ropxawmhtemygmrojlhu.supabase.co/storage/v1/object/public/media/media/3a8edc79-9027-4e8e-90e1-d4aecea1d05a/3a8edc79-9027-4e8e-90e1-d4aecea1d05a-6805d88fcd2235c7.jpeg	\N	\N	\N	\N	999	\N	\N	\N	media	3a8edc79-9027-4e8e-90e1-d4aecea1d05a/3a8edc79-9027-4e8e-90e1-d4aecea1d05a-6805d88fcd2235c7.jpeg	public	ITO-2025-M-00081	fv3ngx89fb3h	image	\N	\N	2025-08-20 03:08:44.630199+00	2025-09-06 07:50:41.241431+00
4b2286da-9c5e-4f40-b9fd-7a138d894bbd	74039262-1c52-4c73-9aba-e1f9a97160f3	image	https://ropxawmhtemygmrojlhu.supabase.co/storage/v1/object/public/media/media/74039262-1c52-4c73-9aba-e1f9a97160f3/74039262-1c52-4c73-9aba-e1f9a97160f3-b1666658345b5fbe.png	\N	\N	\N	\N	999	\N	\N	\N	media	74039262-1c52-4c73-9aba-e1f9a97160f3/74039262-1c52-4c73-9aba-e1f9a97160f3-b1666658345b5fbe.png	public	ITO-M-2025-00007	\N	image	\N	\N	2025-09-03 02:37:14.477598+00	2025-09-06 07:50:41.241431+00
d9b1918d-d721-49d2-93cd-d1217c266cee	7242f206-1903-4a35-ab5c-cd23f5c7cd3d	image	https://ropxawmhtemygmrojlhu.supabase.co/storage/v1/object/public/media/media/7242f206-1903-4a35-ab5c-cd23f5c7cd3d/7242f206-1903-4a35-ab5c-cd23f5c7cd3d-52eb23b974412df3.jpeg	\N	\N	\N	\N	999	Joichi Ito	\N	4ebee253-075a-4a3f-8dbe-931cfc5e3c60	media	7242f206-1903-4a35-ab5c-cd23f5c7cd3d/7242f206-1903-4a35-ab5c-cd23f5c7cd3d-52eb23b974412df3.jpeg	public	ITO-2025-M-00102	d6j2xkjkgh4g	image	\N	\N	2025-08-20 03:08:44.630199+00	2025-09-06 07:50:41.241431+00
c814e0a8-95ed-4656-81f5-61a2a5ccfe24	496f9814-6c75-467d-9c9b-4ebab37f5044	image	https://ropxawmhtemygmrojlhu.supabase.co/storage/v1/object/public/media/media/496f9814-6c75-467d-9c9b-4ebab37f5044/496f9814-6c75-467d-9c9b-4ebab37f5044-e4f7d0f6e8ed6e90.jpeg	\N	\N	\N	\N	999	\N	\N	\N	media	496f9814-6c75-467d-9c9b-4ebab37f5044/496f9814-6c75-467d-9c9b-4ebab37f5044-e4f7d0f6e8ed6e90.jpeg	public	ITO-2025-M-00113	pccbhs6mv9sk	image	\N	\N	2025-08-20 03:08:44.630199+00	2025-09-06 07:50:41.241431+00
1cd56f1b-5734-4151-9887-b94ee3e62168	6a9caad1-0598-4531-8306-b05ccd1ef575	image	https://ropxawmhtemygmrojlhu.supabase.co/storage/v1/object/public/media/media/6a9caad1-0598-4531-8306-b05ccd1ef575/6a9caad1-0598-4531-8306-b05ccd1ef575-7e003b28565b21d2.png	\N	\N	\N	\N	999	Joichi Ito	\N	4ebee253-075a-4a3f-8dbe-931cfc5e3c60	media	6a9caad1-0598-4531-8306-b05ccd1ef575/6a9caad1-0598-4531-8306-b05ccd1ef575-7e003b28565b21d2.png	public	ITO-2025-M-00099	k2nts4h8mzsx	image	\N	\N	2025-08-20 03:08:44.630199+00	2025-09-06 07:50:41.241431+00
7b0e9d0e-f667-47a9-bdda-9be4145169b1	acd39df6-47b2-441b-85ea-cedf30b49f76	image	https://ropxawmhtemygmrojlhu.supabase.co/storage/v1/object/public/media/media/acd39df6-47b2-441b-85ea-cedf30b49f76/acd39df6-47b2-441b-85ea-cedf30b49f76-e0db8d72a4ff32be.jpeg	\N	\N	\N	\N	999	\N	\N	\N	media	acd39df6-47b2-441b-85ea-cedf30b49f76/acd39df6-47b2-441b-85ea-cedf30b49f76-e0db8d72a4ff32be.jpeg	public	ITO-2025-M-00078	2wjn5636154j	image	\N	\N	2025-08-20 03:08:44.630199+00	2025-09-06 07:50:41.241431+00
5a09e1b4-7477-466f-97ad-fe77b94325de	ce8a3eb8-91a5-4e49-a516-fd6f7576a75a	image	https://ropxawmhtemygmrojlhu.supabase.co/storage/v1/object/public/media/media/ce8a3eb8-91a5-4e49-a516-fd6f7576a75a/ce8a3eb8-91a5-4e49-a516-fd6f7576a75a-5703e36a428e8f1f.jpeg	\N	\N	\N	\N	999	\N	\N	\N	media	ce8a3eb8-91a5-4e49-a516-fd6f7576a75a/ce8a3eb8-91a5-4e49-a516-fd6f7576a75a-5703e36a428e8f1f.jpeg	public	ITO-2025-M-00093	57wqff6c5d7x	image	\N	\N	2025-08-20 03:08:44.630199+00	2025-09-06 07:50:41.241431+00
37cd5cd8-8353-4a07-9df8-a438feccc85c	7242f206-1903-4a35-ab5c-cd23f5c7cd3d	image	https://ropxawmhtemygmrojlhu.supabase.co/storage/v1/object/public/media/media/7242f206-1903-4a35-ab5c-cd23f5c7cd3d/7242f206-1903-4a35-ab5c-cd23f5c7cd3d-c6e7979b0833033e.jpeg	\N	\N	\N	\N	999	\N	\N	\N	media	7242f206-1903-4a35-ab5c-cd23f5c7cd3d/7242f206-1903-4a35-ab5c-cd23f5c7cd3d-c6e7979b0833033e.jpeg	public	ITO-2025-M-00101	9p08m05qpm4s	image	\N	\N	2025-08-20 03:08:44.630199+00	2025-09-06 07:50:41.241431+00
39b5fad9-a9ab-4a1c-9df8-a2467009750a	7242f206-1903-4a35-ab5c-cd23f5c7cd3d	image	https://ropxawmhtemygmrojlhu.supabase.co/storage/v1/object/public/media/media/7242f206-1903-4a35-ab5c-cd23f5c7cd3d/7242f206-1903-4a35-ab5c-cd23f5c7cd3d-e4241b812c92cf08.jpeg	\N	\N	\N	\N	999	\N	\N	\N	media	7242f206-1903-4a35-ab5c-cd23f5c7cd3d/7242f206-1903-4a35-ab5c-cd23f5c7cd3d-e4241b812c92cf08.jpeg	public	ITO-2025-M-00103	gsnq9msspmb6	image	\N	\N	2025-08-20 03:08:44.630199+00	2025-09-06 07:50:41.241431+00
4e0a65a9-ea4c-40f1-9522-ee338be45755	7242f206-1903-4a35-ab5c-cd23f5c7cd3d	image	https://ropxawmhtemygmrojlhu.supabase.co/storage/v1/object/public/media/media/7242f206-1903-4a35-ab5c-cd23f5c7cd3d/7242f206-1903-4a35-ab5c-cd23f5c7cd3d-6e799fa5051c5fe7.png	\N	\N	\N	\N	999	\N	\N	\N	media	7242f206-1903-4a35-ab5c-cd23f5c7cd3d/7242f206-1903-4a35-ab5c-cd23f5c7cd3d-6e799fa5051c5fe7.png	public	ITO-2025-M-00104	c9spmc8491d6	image	\N	\N	2025-08-20 03:08:44.630199+00	2025-09-06 07:50:41.241431+00
3f84029f-b0b2-4dca-b6bf-28790223b8c5	95f24bc5-726e-4b64-b251-3b934dd669be	image	https://ropxawmhtemygmrojlhu.supabase.co/storage/v1/object/public/media/media/95f24bc5-726e-4b64-b251-3b934dd669be/95f24bc5-726e-4b64-b251-3b934dd669be-c0d1533041bdde34.png	\N	\N	\N	\N	999	\N	\N	\N	media	95f24bc5-726e-4b64-b251-3b934dd669be/95f24bc5-726e-4b64-b251-3b934dd669be-c0d1533041bdde34.png	public	ITO-2025-M-00105	3r3sgc68sn14	image	\N	\N	2025-08-20 03:08:44.630199+00	2025-09-06 07:50:41.241431+00
c6851cf0-e157-4b13-8508-a87853430596	95f24bc5-726e-4b64-b251-3b934dd669be	image	https://ropxawmhtemygmrojlhu.supabase.co/storage/v1/object/public/media/media/95f24bc5-726e-4b64-b251-3b934dd669be/95f24bc5-726e-4b64-b251-3b934dd669be-fe0a69c5ebddcd5f.jpeg	\N	\N	\N	\N	999	\N	\N	\N	media	95f24bc5-726e-4b64-b251-3b934dd669be/95f24bc5-726e-4b64-b251-3b934dd669be-fe0a69c5ebddcd5f.jpeg	public	ITO-2025-M-00106	jnm328j6k1fj	image	\N	\N	2025-08-20 03:08:44.630199+00	2025-09-06 07:50:41.241431+00
16d5c0c7-cf9a-4275-88ef-5a9109393d3e	95f24bc5-726e-4b64-b251-3b934dd669be	image	https://ropxawmhtemygmrojlhu.supabase.co/storage/v1/object/public/media/media/95f24bc5-726e-4b64-b251-3b934dd669be/95f24bc5-726e-4b64-b251-3b934dd669be-0e4816979f993d2b.jpeg	\N	\N	\N	\N	999	\N	\N	\N	media	95f24bc5-726e-4b64-b251-3b934dd669be/95f24bc5-726e-4b64-b251-3b934dd669be-0e4816979f993d2b.jpeg	public	ITO-2025-M-00107	xrwqstrqxjsp	image	\N	\N	2025-08-20 03:08:44.630199+00	2025-09-06 07:50:41.241431+00
6e4821b9-76ea-4e83-9aed-f2a5fde7b896	95f24bc5-726e-4b64-b251-3b934dd669be	image	https://ropxawmhtemygmrojlhu.supabase.co/storage/v1/object/public/media/media/95f24bc5-726e-4b64-b251-3b934dd669be/95f24bc5-726e-4b64-b251-3b934dd669be-a2a37e327f793148.jpeg	\N	\N	\N	\N	999	\N	\N	\N	media	95f24bc5-726e-4b64-b251-3b934dd669be/95f24bc5-726e-4b64-b251-3b934dd669be-a2a37e327f793148.jpeg	public	ITO-2025-M-00108	dvstpdgbn4qc	image	\N	\N	2025-08-20 03:08:44.630199+00	2025-09-06 07:50:41.241431+00
8780b681-763b-4966-8076-34da7636458c	496f9814-6c75-467d-9c9b-4ebab37f5044	image	https://ropxawmhtemygmrojlhu.supabase.co/storage/v1/object/public/media/media/496f9814-6c75-467d-9c9b-4ebab37f5044/496f9814-6c75-467d-9c9b-4ebab37f5044-b626718c590368b9.jpeg	\N	\N	\N	\N	999	\N	\N	\N	media	496f9814-6c75-467d-9c9b-4ebab37f5044/496f9814-6c75-467d-9c9b-4ebab37f5044-b626718c590368b9.jpeg	public	ITO-2025-M-00111	rv3z1mqg2qs0	image	\N	\N	2025-08-20 03:08:44.630199+00	2025-09-06 07:50:41.241431+00
66d8f2c2-ca85-4d9b-8fb2-97d7c20c83df	496f9814-6c75-467d-9c9b-4ebab37f5044	image	https://ropxawmhtemygmrojlhu.supabase.co/storage/v1/object/public/media/media/496f9814-6c75-467d-9c9b-4ebab37f5044/496f9814-6c75-467d-9c9b-4ebab37f5044-20a665af5dafd008.jpeg	\N	\N	\N	\N	999	\N	\N	\N	media	496f9814-6c75-467d-9c9b-4ebab37f5044/496f9814-6c75-467d-9c9b-4ebab37f5044-20a665af5dafd008.jpeg	public	ITO-2025-M-00112	mrd0dfjtwb8n	image	\N	\N	2025-08-20 03:08:44.630199+00	2025-09-06 07:50:41.241431+00
eadc34b6-9536-48f2-91db-53da41271760	3a8edc79-9027-4e8e-90e1-d4aecea1d05a	image	https://ropxawmhtemygmrojlhu.supabase.co/storage/v1/object/public/media/media/3a8edc79-9027-4e8e-90e1-d4aecea1d05a/3a8edc79-9027-4e8e-90e1-d4aecea1d05a-6d662f23a82b9e6e.jpeg	\N	\N	\N	\N	999	\N	\N	\N	media	3a8edc79-9027-4e8e-90e1-d4aecea1d05a/3a8edc79-9027-4e8e-90e1-d4aecea1d05a-6d662f23a82b9e6e.jpeg	public	ITO-2025-M-00114	v9bg0cvwgmrj	image	\N	\N	2025-08-20 03:08:44.630199+00	2025-09-06 07:50:41.241431+00
2590eea0-8362-4737-bb9f-46cde8a70420	3a8edc79-9027-4e8e-90e1-d4aecea1d05a	image	https://ropxawmhtemygmrojlhu.supabase.co/storage/v1/object/public/media/media/3a8edc79-9027-4e8e-90e1-d4aecea1d05a/3a8edc79-9027-4e8e-90e1-d4aecea1d05a-918706cc1a0269e1.jpeg	\N	\N	\N	\N	999	\N	\N	\N	media	3a8edc79-9027-4e8e-90e1-d4aecea1d05a/3a8edc79-9027-4e8e-90e1-d4aecea1d05a-918706cc1a0269e1.jpeg	public	ITO-2025-M-00116	9wxb2xw8m3cb	image	\N	\N	2025-08-20 03:08:44.630199+00	2025-09-06 07:50:41.241431+00
9fd88301-2e86-4fcd-b023-9dfc518a8f7a	e0355a9a-97b4-43d3-b4fd-fe5ab019d969	image	https://ropxawmhtemygmrojlhu.supabase.co/storage/v1/object/public/media/media/e0355a9a-97b4-43d3-b4fd-fe5ab019d969/e0355a9a-97b4-43d3-b4fd-fe5ab019d969-cde50c171b4967f2.jpeg	\N	\N	\N	\N	999	\N	\N	\N	media	e0355a9a-97b4-43d3-b4fd-fe5ab019d969/e0355a9a-97b4-43d3-b4fd-fe5ab019d969-cde50c171b4967f2.jpeg	public	ITO-2025-M-00025	9s3m43d13r37	image	\N	\N	2025-08-20 03:08:44.630199+00	2025-09-06 07:50:41.241431+00
68f5b815-032a-4804-9f64-fd2d200f4b93	\N	image	https://ropxawmhtemygmrojlhu.supabase.co/storage/v1/object/public/media/media/1bfdbc2e-6441-4f94-8545-5801b0f75bca/3w4mxkkk3b.jpg	\N	\N	\N	\N	999	\N	\N	\N	media	\N	public	ITO-M-2025-00004	66f3b1v6vxcg	image	\N	\N	2025-08-20 08:19:00.606078+00	2025-09-06 07:50:41.241431+00
35561d17-e41b-4889-a9d2-c94819a69f11	8d26b5d0-3bef-458d-8784-c91af0e6191b	image	https://ropxawmhtemygmrojlhu.supabase.co/storage/v1/object/public/media/media/8d26b5d0-3bef-458d-8784-c91af0e6191b/8d26b5d0-3bef-458d-8784-c91af0e6191b-eedb861b947dc1c1.png	\N	\N	\N	\N	999	\N	\N	\N	media	8d26b5d0-3bef-458d-8784-c91af0e6191b/8d26b5d0-3bef-458d-8784-c91af0e6191b-eedb861b947dc1c1.png	public	ITO-M-2025-00008	\N	image	\N	\N	2025-09-03 02:37:22.731316+00	2025-09-06 07:50:41.241431+00
d6f52625-9d49-4518-957d-7d31a4287dfa	8d26b5d0-3bef-458d-8784-c91af0e6191b	image	https://ropxawmhtemygmrojlhu.supabase.co/storage/v1/object/public/media/media/8d26b5d0-3bef-458d-8784-c91af0e6191b/8d26b5d0-3bef-458d-8784-c91af0e6191b-16f14c3743b04677.png	\N	\N	\N	\N	999	\N	\N	\N	media	8d26b5d0-3bef-458d-8784-c91af0e6191b/8d26b5d0-3bef-458d-8784-c91af0e6191b-16f14c3743b04677.png	public	ITO-M-2025-00009	\N	image	\N	\N	2025-09-03 02:37:24.062463+00	2025-09-06 07:50:41.241431+00
c3f4e314-8103-4d7f-a17a-37f7d01e5297	8d26b5d0-3bef-458d-8784-c91af0e6191b	image	https://ropxawmhtemygmrojlhu.supabase.co/storage/v1/object/public/media/media/8d26b5d0-3bef-458d-8784-c91af0e6191b/8d26b5d0-3bef-458d-8784-c91af0e6191b-04d1b0b40441b735.png	\N	\N	\N	\N	999	\N	\N	\N	media	8d26b5d0-3bef-458d-8784-c91af0e6191b/8d26b5d0-3bef-458d-8784-c91af0e6191b-04d1b0b40441b735.png	public	ITO-M-2025-00011	\N	image	\N	\N	2025-09-03 02:37:26.154864+00	2025-09-06 07:50:41.241431+00
003a1686-f362-46d0-bd83-ecf1625f31e1	8d26b5d0-3bef-458d-8784-c91af0e6191b	image	https://ropxawmhtemygmrojlhu.supabase.co/storage/v1/object/public/media/media/8d26b5d0-3bef-458d-8784-c91af0e6191b/8d26b5d0-3bef-458d-8784-c91af0e6191b-e0903cd9d3cf65a4.png	\N	\N	\N	\N	999	\N	\N	\N	media	8d26b5d0-3bef-458d-8784-c91af0e6191b/8d26b5d0-3bef-458d-8784-c91af0e6191b-e0903cd9d3cf65a4.png	public	ITO-M-2025-00013	\N	image	\N	\N	2025-09-03 02:37:28.190198+00	2025-09-06 07:50:41.241431+00
117a7eb6-7de1-4f50-bd19-5fc6fd65f520	3a8edc79-9027-4e8e-90e1-d4aecea1d05a	image	https://ropxawmhtemygmrojlhu.supabase.co/storage/v1/object/public/media/media/3a8edc79-9027-4e8e-90e1-d4aecea1d05a/3a8edc79-9027-4e8e-90e1-d4aecea1d05a-6805d88fcd2235c7.jpeg	\N	\N	\N	\N	999	\N	\N	\N	media	3a8edc79-9027-4e8e-90e1-d4aecea1d05a/3a8edc79-9027-4e8e-90e1-d4aecea1d05a-6805d88fcd2235c7.jpeg	public	ITO-2025-M-00119	m482487hkqj0	image	\N	\N	2025-08-20 03:08:44.630199+00	2025-09-06 07:50:41.241431+00
1abd17b9-272d-4670-8ba4-b9269bc965a1	aa72920a-02f5-4618-88bd-547b3fe60672	image	https://ropxawmhtemygmrojlhu.supabase.co/storage/v1/object/public/media/media/aa72920a-02f5-4618-88bd-547b3fe60672/aa72920a-02f5-4618-88bd-547b3fe60672-dfdbaee0c5fc3f1a.jpeg	\N	\N	\N	\N	999	\N	\N	\N	media	aa72920a-02f5-4618-88bd-547b3fe60672/aa72920a-02f5-4618-88bd-547b3fe60672-dfdbaee0c5fc3f1a.jpeg	public	ITO-M-2025-00015	\N	image	\N	\N	2025-09-03 02:37:38.222716+00	2025-09-06 07:50:41.241431+00
8e123509-4b16-4031-ba38-19f9266f4d3e	682d4c73-4d6e-436e-a29a-3a4d9ecc638f	image	https://ropxawmhtemygmrojlhu.supabase.co/storage/v1/object/public/media/media/682d4c73-4d6e-436e-a29a-3a4d9ecc638f/682d4c73-4d6e-436e-a29a-3a4d9ecc638f-1fe6e407745a13ad.png	\N	\N	\N	\N	999	\N	\N	\N	media	682d4c73-4d6e-436e-a29a-3a4d9ecc638f/682d4c73-4d6e-436e-a29a-3a4d9ecc638f-1fe6e407745a13ad.png	public	ITO-2025-M-00032	3rfxgxc375kb	image	\N	\N	2025-08-20 03:08:44.630199+00	2025-09-06 07:50:41.241431+00
12eda8fe-7e85-4481-bae1-5ce01d8ab785	5e89badc-a77c-4f60-a4e8-cbefda68fea1	image	https://ropxawmhtemygmrojlhu.supabase.co/storage/v1/object/public/media/media/5e89badc-a77c-4f60-a4e8-cbefda68fea1/5e89badc-a77c-4f60-a4e8-cbefda68fea1-39b0708f4bb539ea.jpeg	\N	\N	\N	\N	999	\N	\N	\N	media	5e89badc-a77c-4f60-a4e8-cbefda68fea1/5e89badc-a77c-4f60-a4e8-cbefda68fea1-39b0708f4bb539ea.jpeg	public	ITO-2025-M-00023	bbbkdfttkqj7	image	\N	\N	2025-08-20 03:08:44.630199+00	2025-09-06 07:50:41.241431+00
3aa1a3d7-9696-4b32-8dc5-683631149b94	6a9caad1-0598-4531-8306-b05ccd1ef575	image	https://ropxawmhtemygmrojlhu.supabase.co/storage/v1/object/public/media/media/6a9caad1-0598-4531-8306-b05ccd1ef575/6a9caad1-0598-4531-8306-b05ccd1ef575-d3dbcfcd6e0c971d.jpeg	\N	\N	\N	\N	999	\N	\N	\N	media	6a9caad1-0598-4531-8306-b05ccd1ef575/6a9caad1-0598-4531-8306-b05ccd1ef575-d3dbcfcd6e0c971d.jpeg	public	ITO-2025-M-00055	mrpkh7g82mn0	image	\N	\N	2025-08-20 03:08:44.630199+00	2025-09-06 07:50:41.241431+00
252263ca-a58d-457c-a7e8-5e56e344f736	e0355a9a-97b4-43d3-b4fd-fe5ab019d969	image	https://ropxawmhtemygmrojlhu.supabase.co/storage/v1/object/public/media/media/e0355a9a-97b4-43d3-b4fd-fe5ab019d969/e0355a9a-97b4-43d3-b4fd-fe5ab019d969-cde50c171b4967f2.jpeg	\N	\N	\N	\N	999	\N	\N	\N	media	e0355a9a-97b4-43d3-b4fd-fe5ab019d969/e0355a9a-97b4-43d3-b4fd-fe5ab019d969-cde50c171b4967f2.jpeg	public	ITO-2025-M-00117	d4nrbphv18rf	image	\N	\N	2025-08-20 03:08:44.630199+00	2025-09-06 07:50:41.241431+00
315686a8-3a24-4c3b-9252-e24ab11db027	3a8edc79-9027-4e8e-90e1-d4aecea1d05a	image	https://ropxawmhtemygmrojlhu.supabase.co/storage/v1/object/public/media/media/3a8edc79-9027-4e8e-90e1-d4aecea1d05a/3a8edc79-9027-4e8e-90e1-d4aecea1d05a-6d662f23a82b9e6e.jpeg	\N	\N	\N	\N	999	\N	\N	\N	media	3a8edc79-9027-4e8e-90e1-d4aecea1d05a/3a8edc79-9027-4e8e-90e1-d4aecea1d05a-6d662f23a82b9e6e.jpeg	public	ITO-2025-M-00080	gq4t68fq076z	image	\N	\N	2025-08-20 03:08:44.630199+00	2025-09-06 07:50:41.241431+00
baefecbe-1d61-4311-aede-b2e661865966	3a8edc79-9027-4e8e-90e1-d4aecea1d05a	image	https://ropxawmhtemygmrojlhu.supabase.co/storage/v1/object/public/media/media/3a8edc79-9027-4e8e-90e1-d4aecea1d05a/3a8edc79-9027-4e8e-90e1-d4aecea1d05a-6805d88fcd2235c7.jpeg	\N	\N	\N	\N	999	\N	\N	\N	media	3a8edc79-9027-4e8e-90e1-d4aecea1d05a/3a8edc79-9027-4e8e-90e1-d4aecea1d05a-6805d88fcd2235c7.jpeg	public	ITO-2025-M-00115	grr7w4npw3xt	image	\N	\N	2025-08-20 03:08:44.630199+00	2025-09-06 07:50:41.241431+00
341772b1-b986-4e30-aed3-b872e18522c0	3a8edc79-9027-4e8e-90e1-d4aecea1d05a	image	https://ropxawmhtemygmrojlhu.supabase.co/storage/v1/object/public/media/media/3a8edc79-9027-4e8e-90e1-d4aecea1d05a/3a8edc79-9027-4e8e-90e1-d4aecea1d05a-6d662f23a82b9e6e.jpeg	\N	\N	\N	\N	999	\N	\N	\N	media	3a8edc79-9027-4e8e-90e1-d4aecea1d05a/3a8edc79-9027-4e8e-90e1-d4aecea1d05a-6d662f23a82b9e6e.jpeg	public	ITO-2025-M-00118	z63mczz3qfn3	image	\N	\N	2025-08-20 03:08:44.630199+00	2025-09-06 07:50:41.241431+00
6dad5496-0166-4176-b628-c688875db227	3a8edc79-9027-4e8e-90e1-d4aecea1d05a	image	https://ropxawmhtemygmrojlhu.supabase.co/storage/v1/object/public/media/media/3a8edc79-9027-4e8e-90e1-d4aecea1d05a/3a8edc79-9027-4e8e-90e1-d4aecea1d05a-918706cc1a0269e1.jpeg	\N	\N	\N	\N	999	\N	\N	\N	media	3a8edc79-9027-4e8e-90e1-d4aecea1d05a/3a8edc79-9027-4e8e-90e1-d4aecea1d05a-918706cc1a0269e1.jpeg	public	ITO-2025-M-00120	j7km9d5pk5fx	image	\N	\N	2025-08-20 03:08:44.630199+00	2025-09-06 07:50:41.241431+00
4a0d4d32-33e0-4ff1-8098-2df28136fc9d	e0355a9a-97b4-43d3-b4fd-fe5ab019d969	image	https://ropxawmhtemygmrojlhu.supabase.co/storage/v1/object/public/media/media/e0355a9a-97b4-43d3-b4fd-fe5ab019d969/e0355a9a-97b4-43d3-b4fd-fe5ab019d969-cde50c171b4967f2.jpeg	\N	\N	\N	\N	999	\N	\N	\N	media	e0355a9a-97b4-43d3-b4fd-fe5ab019d969/e0355a9a-97b4-43d3-b4fd-fe5ab019d969-cde50c171b4967f2.jpeg	public	ITO-2025-M-00121	z3zcgfzqwxh3	image	\N	\N	2025-08-20 03:08:44.630199+00	2025-09-06 07:50:41.241431+00
b2b4d7b5-7b71-4725-9b1d-1190d8bb44f1	e0355a9a-97b4-43d3-b4fd-fe5ab019d969	image	https://ropxawmhtemygmrojlhu.supabase.co/storage/v1/object/public/media/media/e0355a9a-97b4-43d3-b4fd-fe5ab019d969/e0355a9a-97b4-43d3-b4fd-fe5ab019d969-cde50c171b4967f2.jpeg	\N	\N	\N	\N	999	\N	\N	\N	media	e0355a9a-97b4-43d3-b4fd-fe5ab019d969/e0355a9a-97b4-43d3-b4fd-fe5ab019d969-cde50c171b4967f2.jpeg	public	ITO-2025-M-00122	p2hrs3jbm6w2	image	\N	\N	2025-08-20 03:08:44.630199+00	2025-09-06 07:50:41.241431+00
c4d24938-fbcb-41c1-864d-5cd883833422	3a8edc79-9027-4e8e-90e1-d4aecea1d05a	image	https://ropxawmhtemygmrojlhu.supabase.co/storage/v1/object/public/media/media/3a8edc79-9027-4e8e-90e1-d4aecea1d05a/3a8edc79-9027-4e8e-90e1-d4aecea1d05a-6d662f23a82b9e6e.jpeg	\N	\N	\N	\N	999	\N	\N	\N	media	3a8edc79-9027-4e8e-90e1-d4aecea1d05a/3a8edc79-9027-4e8e-90e1-d4aecea1d05a-6d662f23a82b9e6e.jpeg	public	ITO-2025-M-00123	rgq414pxpn7h	image	\N	\N	2025-08-20 03:08:44.630199+00	2025-09-06 07:50:41.241431+00
5a030b1f-39be-4b89-94a9-e210ce85cb07	3a8edc79-9027-4e8e-90e1-d4aecea1d05a	image	https://ropxawmhtemygmrojlhu.supabase.co/storage/v1/object/public/media/media/3a8edc79-9027-4e8e-90e1-d4aecea1d05a/3a8edc79-9027-4e8e-90e1-d4aecea1d05a-6805d88fcd2235c7.jpeg	\N	\N	\N	\N	999	\N	\N	\N	media	3a8edc79-9027-4e8e-90e1-d4aecea1d05a/3a8edc79-9027-4e8e-90e1-d4aecea1d05a-6805d88fcd2235c7.jpeg	public	ITO-2025-M-00124	r1q124k94fbt	image	\N	\N	2025-08-20 03:08:44.630199+00	2025-09-06 07:50:41.241431+00
51e163c2-0744-4395-bcd7-d581b052cbbe	3a8edc79-9027-4e8e-90e1-d4aecea1d05a	image	https://ropxawmhtemygmrojlhu.supabase.co/storage/v1/object/public/media/media/3a8edc79-9027-4e8e-90e1-d4aecea1d05a/3a8edc79-9027-4e8e-90e1-d4aecea1d05a-918706cc1a0269e1.jpeg	\N	\N	\N	\N	999	\N	\N	\N	media	3a8edc79-9027-4e8e-90e1-d4aecea1d05a/3a8edc79-9027-4e8e-90e1-d4aecea1d05a-918706cc1a0269e1.jpeg	public	ITO-2025-M-00125	0dnz54sphfv7	image	\N	\N	2025-08-20 03:08:44.630199+00	2025-09-06 07:50:41.241431+00
7995e89e-7be6-412f-bf5d-e875b2306c3b	6a9caad1-0598-4531-8306-b05ccd1ef575	image	https://ropxawmhtemygmrojlhu.supabase.co/storage/v1/object/public/media/media/6a9caad1-0598-4531-8306-b05ccd1ef575/6a9caad1-0598-4531-8306-b05ccd1ef575-540ad0ba7606788f.jpeg	\N	\N	\N	\N	999	\N	\N	\N	media	6a9caad1-0598-4531-8306-b05ccd1ef575/6a9caad1-0598-4531-8306-b05ccd1ef575-540ad0ba7606788f.jpeg	public	ITO-2025-M-00100	j45svzj74qkf	image	\N	\N	2025-08-20 03:08:44.630199+00	2025-09-06 07:50:41.241431+00
b2999b35-00ba-458b-8e99-9cd7c979c1a4	\N	image	https://ropxawmhtemygmrojlhu.supabase.co/storage/v1/object/public/media/media/e0b737b8-acd6-4e6b-aaa2-b922c33feb80/7w6z118sj4.jpeg	\N	\N	\N	\N	999	Joichi Ito	\N	4ebee253-075a-4a3f-8dbe-931cfc5e3c60	media	media/e0b737b8-acd6-4e6b-aaa2-b922c33feb80/7w6z118sj4.jpeg	public	ITO-M-2025-00003	z3qxhrpcschv	image	\N	\N	2025-08-20 06:54:14.10577+00	2025-09-06 07:50:41.241431+00
ed21a125-e949-4a4f-8d44-c73277a9554d	8d26b5d0-3bef-458d-8784-c91af0e6191b	image	https://ropxawmhtemygmrojlhu.supabase.co/storage/v1/object/public/media/media/8d26b5d0-3bef-458d-8784-c91af0e6191b/8d26b5d0-3bef-458d-8784-c91af0e6191b-6d5c7d61660a8956.png	\N	\N	\N	\N	999	\N	\N	\N	media	8d26b5d0-3bef-458d-8784-c91af0e6191b/8d26b5d0-3bef-458d-8784-c91af0e6191b-6d5c7d61660a8956.png	public	ITO-M-2025-00010	\N	image	\N	\N	2025-09-03 02:37:25.123773+00	2025-09-06 07:50:41.241431+00
ca02f83e-0a3a-4550-a00d-250063032c63	8d26b5d0-3bef-458d-8784-c91af0e6191b	image	https://ropxawmhtemygmrojlhu.supabase.co/storage/v1/object/public/media/media/8d26b5d0-3bef-458d-8784-c91af0e6191b/8d26b5d0-3bef-458d-8784-c91af0e6191b-3e5f1bf014eb6b26.png	\N	\N	\N	\N	999	\N	\N	\N	media	8d26b5d0-3bef-458d-8784-c91af0e6191b/8d26b5d0-3bef-458d-8784-c91af0e6191b-3e5f1bf014eb6b26.png	public	ITO-M-2025-00012	\N	image	\N	\N	2025-09-03 02:37:27.142891+00	2025-09-06 07:50:41.241431+00
c360360b-9005-4d2e-8922-8154676e21e7	3cc21f80-574a-4bae-a093-ad4f63ce466a	image	https://ropxawmhtemygmrojlhu.supabase.co/storage/v1/object/public/media/media/3cc21f80-574a-4bae-a093-ad4f63ce466a/3cc21f80-574a-4bae-a093-ad4f63ce466a-1f32306e592da3e3.jpeg	\N	\N	\N	\N	999	\N	\N	\N	media	3cc21f80-574a-4bae-a093-ad4f63ce466a/3cc21f80-574a-4bae-a093-ad4f63ce466a-1f32306e592da3e3.jpeg	public	ITO-M-2025-00014	\N	image	\N	\N	2025-09-03 02:37:30.766665+00	2025-09-06 07:50:41.241431+00
7f2c90fa-c5d6-4d18-bdcd-4bab0a62058a	aa72920a-02f5-4618-88bd-547b3fe60672	image	https://ropxawmhtemygmrojlhu.supabase.co/storage/v1/object/public/media/media/aa72920a-02f5-4618-88bd-547b3fe60672/aa72920a-02f5-4618-88bd-547b3fe60672-1abc41d0d8e02c2d.jpeg	\N	\N	\N	\N	999	\N	\N	\N	media	aa72920a-02f5-4618-88bd-547b3fe60672/aa72920a-02f5-4618-88bd-547b3fe60672-1abc41d0d8e02c2d.jpeg	public	ITO-M-2025-00016	\N	image	\N	\N	2025-09-03 02:37:39.794883+00	2025-09-06 07:50:41.241431+00
df0cca45-09b5-4af3-ad5d-94f9df1f3426	aa72920a-02f5-4618-88bd-547b3fe60672	image	https://ropxawmhtemygmrojlhu.supabase.co/storage/v1/object/public/media/media/aa72920a-02f5-4618-88bd-547b3fe60672/aa72920a-02f5-4618-88bd-547b3fe60672-8fcceed21d713928.jpeg	\N	\N	\N	\N	999	\N	\N	\N	media	aa72920a-02f5-4618-88bd-547b3fe60672/aa72920a-02f5-4618-88bd-547b3fe60672-8fcceed21d713928.jpeg	public	ITO-M-2025-00018	\N	image	\N	\N	2025-09-03 02:37:41.875575+00	2025-09-06 07:50:41.241431+00
30bfb37a-6410-44a4-8c84-401833bff889	f514e484-7082-46c6-91ae-7ac08c1273c5	image	https://ropxawmhtemygmrojlhu.supabase.co/storage/v1/object/public/media/media/f514e484-7082-46c6-91ae-7ac08c1273c5/f514e484-7082-46c6-91ae-7ac08c1273c5-0294711ff24fb50c.jpeg	\N	\N	\N	\N	999	\N	\N	\N	media	f514e484-7082-46c6-91ae-7ac08c1273c5/f514e484-7082-46c6-91ae-7ac08c1273c5-0294711ff24fb50c.jpeg	public	ITO-M-2025-00020	\N	image	\N	\N	2025-09-03 02:37:48.152675+00	2025-09-06 07:50:41.241431+00
e5f5c3db-c955-4ff4-ad33-b86b19091566	38d72a18-b0f8-48f5-8081-523853983a09	image	https://ropxawmhtemygmrojlhu.supabase.co/storage/v1/object/public/media/media/38d72a18-b0f8-48f5-8081-523853983a09/38d72a18-b0f8-48f5-8081-523853983a09-7e003b28565b21d2.png	\N	\N	\N	\N	999	\N	\N	\N	media	38d72a18-b0f8-48f5-8081-523853983a09/38d72a18-b0f8-48f5-8081-523853983a09-7e003b28565b21d2.png	public	ITO-M-2025-00021	\N	image	\N	\N	2025-09-03 02:38:44.5172+00	2025-09-06 07:50:41.241431+00
07dccd08-6504-4ad9-b54b-fb4c84beb6a2	3a8edc79-9027-4e8e-90e1-d4aecea1d05a	image	https://ropxawmhtemygmrojlhu.supabase.co/storage/v1/object/public/media/media/3a8edc79-9027-4e8e-90e1-d4aecea1d05a/3a8edc79-9027-4e8e-90e1-d4aecea1d05a-6d662f23a82b9e6e.jpeg	\N	\N	\N	\N	999	\N	\N	\N	media	3a8edc79-9027-4e8e-90e1-d4aecea1d05a/3a8edc79-9027-4e8e-90e1-d4aecea1d05a-6d662f23a82b9e6e.jpeg	public	ITO-M-2025-00022	\N	image	\N	\N	2025-09-03 02:44:03.035938+00	2025-09-06 07:50:41.241431+00
4a62cf42-ef34-44f2-81ab-2ef28f3c3329	3a8edc79-9027-4e8e-90e1-d4aecea1d05a	image	https://ropxawmhtemygmrojlhu.supabase.co/storage/v1/object/public/media/media/3a8edc79-9027-4e8e-90e1-d4aecea1d05a/3a8edc79-9027-4e8e-90e1-d4aecea1d05a-6805d88fcd2235c7.jpeg	\N	\N	\N	\N	999	\N	\N	\N	media	3a8edc79-9027-4e8e-90e1-d4aecea1d05a/3a8edc79-9027-4e8e-90e1-d4aecea1d05a-6805d88fcd2235c7.jpeg	public	ITO-M-2025-00023	\N	image	\N	\N	2025-09-03 02:44:05.384399+00	2025-09-06 07:50:41.241431+00
1691a945-7e07-49d9-886e-3b2820602400	3a8edc79-9027-4e8e-90e1-d4aecea1d05a	image	https://ropxawmhtemygmrojlhu.supabase.co/storage/v1/object/public/media/media/3a8edc79-9027-4e8e-90e1-d4aecea1d05a/3a8edc79-9027-4e8e-90e1-d4aecea1d05a-918706cc1a0269e1.jpeg	\N	\N	\N	\N	999	\N	\N	\N	media	3a8edc79-9027-4e8e-90e1-d4aecea1d05a/3a8edc79-9027-4e8e-90e1-d4aecea1d05a-918706cc1a0269e1.jpeg	public	ITO-M-2025-00024	\N	image	\N	\N	2025-09-03 02:44:07.88043+00	2025-09-06 07:50:41.241431+00
1b8e3b96-4479-40b7-ae28-623d8f71845b	e0355a9a-97b4-43d3-b4fd-fe5ab019d969	image	https://ropxawmhtemygmrojlhu.supabase.co/storage/v1/object/public/media/media/e0355a9a-97b4-43d3-b4fd-fe5ab019d969/e0355a9a-97b4-43d3-b4fd-fe5ab019d969-cde50c171b4967f2.jpeg	\N	\N	\N	\N	999	\N	\N	\N	media	e0355a9a-97b4-43d3-b4fd-fe5ab019d969/e0355a9a-97b4-43d3-b4fd-fe5ab019d969-cde50c171b4967f2.jpeg	public	ITO-M-2025-00025	\N	image	\N	\N	2025-09-03 02:44:16.991056+00	2025-09-06 07:50:41.241431+00
d1bb304b-f9cc-434c-814c-3fbd47ff4704	95f24bc5-726e-4b64-b251-3b934dd669be	image	https://ropxawmhtemygmrojlhu.supabase.co/storage/v1/object/public/media/media/95f24bc5-726e-4b64-b251-3b934dd669be/95f24bc5-726e-4b64-b251-3b934dd669be-c163844c7bdbe875.jpeg	\N	\N	\N	\N	999	Joichi Ito	\N	4ebee253-075a-4a3f-8dbe-931cfc5e3c60	media	95f24bc5-726e-4b64-b251-3b934dd669be/95f24bc5-726e-4b64-b251-3b934dd669be-c163844c7bdbe875.jpeg	public	ITO-2025-M-00110	pmmdh51xrssd	image	\N	\N	2025-08-20 03:08:44.630199+00	2025-09-06 07:50:41.241431+00
897f93fe-c7ae-462b-b996-c4012eb0479d	3a8edc79-9027-4e8e-90e1-d4aecea1d05a	image	https://ropxawmhtemygmrojlhu.supabase.co/storage/v1/object/public/media/media/3a8edc79-9027-4e8e-90e1-d4aecea1d05a/3a8edc79-9027-4e8e-90e1-d4aecea1d05a-6805d88fcd2235c7.jpeg	\N	\N	\N	\N	999	\N	\N	\N	media	3a8edc79-9027-4e8e-90e1-d4aecea1d05a/3a8edc79-9027-4e8e-90e1-d4aecea1d05a-6805d88fcd2235c7.jpeg	public	ITO-M-2025-00045	\N	image	\N	\N	2025-09-04 01:39:27.754804+00	2025-09-06 07:50:41.241431+00
45c6e729-9335-4840-a25c-28bf0591d904	c67083d0-17e8-4246-8251-2f84c989e410	image	https://ropxawmhtemygmrojlhu.supabase.co/storage/v1/object/public/media/media/c67083d0-17e8-4246-8251-2f84c989e410/c67083d0-17e8-4246-8251-2f84c989e410-3b29db9091214d6a.jpeg	\N	\N	\N	\N	0	\N	\N	\N	media	c67083d0-17e8-4246-8251-2f84c989e410/c67083d0-17e8-4246-8251-2f84c989e410-3b29db9091214d6a.jpeg	public	ITO-M-2025-00042	\N	image	\N	\N	2025-09-04 01:38:54.615156+00	2025-09-06 07:50:41.241431+00
23e2c725-0f4c-4e16-9ade-17ecbf77a65e	c67083d0-17e8-4246-8251-2f84c989e410	image	https://ropxawmhtemygmrojlhu.supabase.co/storage/v1/object/public/media/media/c67083d0-17e8-4246-8251-2f84c989e410/c67083d0-17e8-4246-8251-2f84c989e410-ba608420e68c8ec9.jpeg	\N	\N	\N	\N	999	\N	\N	\N	media	c67083d0-17e8-4246-8251-2f84c989e410/c67083d0-17e8-4246-8251-2f84c989e410-ba608420e68c8ec9.jpeg	public	ITO-M-2025-00032	\N	image	\N	\N	2025-09-04 01:38:41.973589+00	2025-09-06 07:50:41.241431+00
94512610-a80e-472c-9437-faee00d5f294	c67083d0-17e8-4246-8251-2f84c989e410	image	https://ropxawmhtemygmrojlhu.supabase.co/storage/v1/object/public/media/media/c67083d0-17e8-4246-8251-2f84c989e410/c67083d0-17e8-4246-8251-2f84c989e410-fa226371be24a20b.jpeg	\N	\N	\N	\N	999	\N	\N	\N	media	c67083d0-17e8-4246-8251-2f84c989e410/c67083d0-17e8-4246-8251-2f84c989e410-fa226371be24a20b.jpeg	public	ITO-M-2025-00034	\N	image	\N	\N	2025-09-04 01:38:43.546095+00	2025-09-06 07:50:41.241431+00
cf47fa01-0b98-4c7f-9c34-387a090b89eb	c67083d0-17e8-4246-8251-2f84c989e410	image	https://ropxawmhtemygmrojlhu.supabase.co/storage/v1/object/public/media/media/c67083d0-17e8-4246-8251-2f84c989e410/c67083d0-17e8-4246-8251-2f84c989e410-d12fdd63830628eb.jpeg	\N	\N	\N	\N	999	\N	\N	\N	media	c67083d0-17e8-4246-8251-2f84c989e410/c67083d0-17e8-4246-8251-2f84c989e410-d12fdd63830628eb.jpeg	public	ITO-M-2025-00036	\N	image	\N	\N	2025-09-04 01:38:45.900874+00	2025-09-06 07:50:41.241431+00
f8c2d79e-61c8-4002-938f-67e77b6e45b5	c67083d0-17e8-4246-8251-2f84c989e410	image	https://ropxawmhtemygmrojlhu.supabase.co/storage/v1/object/public/media/media/c67083d0-17e8-4246-8251-2f84c989e410/c67083d0-17e8-4246-8251-2f84c989e410-ae91749f6959892c.jpeg	\N	\N	\N	\N	999	\N	\N	\N	media	c67083d0-17e8-4246-8251-2f84c989e410/c67083d0-17e8-4246-8251-2f84c989e410-ae91749f6959892c.jpeg	public	ITO-M-2025-00038	\N	image	\N	\N	2025-09-04 01:38:47.362469+00	2025-09-06 07:50:41.241431+00
9ff29d35-3d6e-4d1d-870a-56225a157bc0	c67083d0-17e8-4246-8251-2f84c989e410	image	https://ropxawmhtemygmrojlhu.supabase.co/storage/v1/object/public/media/media/c67083d0-17e8-4246-8251-2f84c989e410/c67083d0-17e8-4246-8251-2f84c989e410-b6f80b535e92a9e3.jpeg	\N	\N	\N	\N	999	\N	\N	\N	media	c67083d0-17e8-4246-8251-2f84c989e410/c67083d0-17e8-4246-8251-2f84c989e410-b6f80b535e92a9e3.jpeg	public	ITO-M-2025-00040	\N	image	\N	\N	2025-09-04 01:38:52.724561+00	2025-09-06 07:50:41.241431+00
e263d85e-423e-4b82-91f3-4b1782e4d65e	e0355a9a-97b4-43d3-b4fd-fe5ab019d969	image	https://ropxawmhtemygmrojlhu.supabase.co/storage/v1/object/public/media/media/e0355a9a-97b4-43d3-b4fd-fe5ab019d969/e0355a9a-97b4-43d3-b4fd-fe5ab019d969-cde50c171b4967f2.jpeg	\N	\N	\N	\N	999	\N	\N	\N	media	e0355a9a-97b4-43d3-b4fd-fe5ab019d969/e0355a9a-97b4-43d3-b4fd-fe5ab019d969-cde50c171b4967f2.jpeg	public	ITO-M-2025-00043	\N	image	\N	\N	2025-09-04 01:39:15.688746+00	2025-09-06 07:50:41.241431+00
d7932c29-2d9e-4c0a-9a75-8aa65234ff17	3a8edc79-9027-4e8e-90e1-d4aecea1d05a	image	https://ropxawmhtemygmrojlhu.supabase.co/storage/v1/object/public/media/media/3a8edc79-9027-4e8e-90e1-d4aecea1d05a/3a8edc79-9027-4e8e-90e1-d4aecea1d05a-6d662f23a82b9e6e.jpeg	\N	\N	\N	\N	999	\N	\N	\N	media	3a8edc79-9027-4e8e-90e1-d4aecea1d05a/3a8edc79-9027-4e8e-90e1-d4aecea1d05a-6d662f23a82b9e6e.jpeg	public	ITO-M-2025-00044	\N	image	\N	\N	2025-09-04 01:39:25.296275+00	2025-09-06 07:50:41.241431+00
9273e45a-8056-4542-9ce2-afd804abae70	3a8edc79-9027-4e8e-90e1-d4aecea1d05a	image	https://ropxawmhtemygmrojlhu.supabase.co/storage/v1/object/public/media/media/3a8edc79-9027-4e8e-90e1-d4aecea1d05a/3a8edc79-9027-4e8e-90e1-d4aecea1d05a-918706cc1a0269e1.jpeg	\N	\N	\N	\N	999	\N	\N	\N	media	3a8edc79-9027-4e8e-90e1-d4aecea1d05a/3a8edc79-9027-4e8e-90e1-d4aecea1d05a-918706cc1a0269e1.jpeg	public	ITO-M-2025-00046	\N	image	\N	\N	2025-09-04 01:39:30.286691+00	2025-09-06 07:50:41.241431+00
9e37a72a-6974-4b42-879e-b4ce9c590a77	c67083d0-17e8-4246-8251-2f84c989e410	image	https://ropxawmhtemygmrojlhu.supabase.co/storage/v1/object/public/media/media/c67083d0-17e8-4246-8251-2f84c989e410/c67083d0-17e8-4246-8251-2f84c989e410-c2aef5407c485b68.png	\N	\N	\N	\N	999	\N	\N	\N	media	c67083d0-17e8-4246-8251-2f84c989e410/c67083d0-17e8-4246-8251-2f84c989e410-c2aef5407c485b68.png	public	ITO-M-2025-00026	\N	image	\N	\N	2025-09-04 01:38:37.093359+00	2025-09-06 07:50:41.241431+00
10e24869-f9fa-447d-9d90-cd5e79ae22d5	c67083d0-17e8-4246-8251-2f84c989e410	image	https://ropxawmhtemygmrojlhu.supabase.co/storage/v1/object/public/media/media/c67083d0-17e8-4246-8251-2f84c989e410/c67083d0-17e8-4246-8251-2f84c989e410-c7d60b9515270ef5.png	\N	\N	\N	\N	999	\N	\N	\N	media	c67083d0-17e8-4246-8251-2f84c989e410/c67083d0-17e8-4246-8251-2f84c989e410-c7d60b9515270ef5.png	public	ITO-M-2025-00027	\N	image	\N	\N	2025-09-04 01:38:37.983761+00	2025-09-06 07:50:41.241431+00
adcd6364-2f35-4752-85fa-8a07b91480d4	c67083d0-17e8-4246-8251-2f84c989e410	image	https://ropxawmhtemygmrojlhu.supabase.co/storage/v1/object/public/media/media/c67083d0-17e8-4246-8251-2f84c989e410/c67083d0-17e8-4246-8251-2f84c989e410-cd2680821618d922.png	\N	\N	\N	\N	999	\N	\N	\N	media	c67083d0-17e8-4246-8251-2f84c989e410/c67083d0-17e8-4246-8251-2f84c989e410-cd2680821618d922.png	public	ITO-M-2025-00028	\N	image	\N	\N	2025-09-04 01:38:38.633696+00	2025-09-06 07:50:41.241431+00
3f5f6b00-3ead-4e2a-9aac-b74c220462ca	c67083d0-17e8-4246-8251-2f84c989e410	image	https://ropxawmhtemygmrojlhu.supabase.co/storage/v1/object/public/media/media/c67083d0-17e8-4246-8251-2f84c989e410/c67083d0-17e8-4246-8251-2f84c989e410-79ba314c8c291ec9.jpeg	\N	\N	\N	\N	999	\N	\N	\N	media	c67083d0-17e8-4246-8251-2f84c989e410/c67083d0-17e8-4246-8251-2f84c989e410-79ba314c8c291ec9.jpeg	public	ITO-M-2025-00029	\N	image	\N	\N	2025-09-04 01:38:39.278625+00	2025-09-06 07:50:41.241431+00
e442fb5e-14ce-44c9-b459-be4d0f54a129	c67083d0-17e8-4246-8251-2f84c989e410	image	https://ropxawmhtemygmrojlhu.supabase.co/storage/v1/object/public/media/media/c67083d0-17e8-4246-8251-2f84c989e410/c67083d0-17e8-4246-8251-2f84c989e410-4b9fcfb9b40d0b84.jpeg	\N	\N	\N	\N	999	\N	\N	\N	media	c67083d0-17e8-4246-8251-2f84c989e410/c67083d0-17e8-4246-8251-2f84c989e410-4b9fcfb9b40d0b84.jpeg	public	ITO-M-2025-00030	\N	image	\N	\N	2025-09-04 01:38:40.006791+00	2025-09-06 07:50:41.241431+00
58748ddf-b173-43ee-9607-9ce0d4451e88	c67083d0-17e8-4246-8251-2f84c989e410	image	https://ropxawmhtemygmrojlhu.supabase.co/storage/v1/object/public/media/media/c67083d0-17e8-4246-8251-2f84c989e410/c67083d0-17e8-4246-8251-2f84c989e410-334b595c61c70f91.jpeg	\N	\N	\N	\N	999	\N	\N	\N	media	c67083d0-17e8-4246-8251-2f84c989e410/c67083d0-17e8-4246-8251-2f84c989e410-334b595c61c70f91.jpeg	public	ITO-M-2025-00031	\N	image	\N	\N	2025-09-04 01:38:40.620417+00	2025-09-06 07:50:41.241431+00
751f421d-28cd-499d-8fc3-b50f2a930af5	c67083d0-17e8-4246-8251-2f84c989e410	image	https://ropxawmhtemygmrojlhu.supabase.co/storage/v1/object/public/media/media/c67083d0-17e8-4246-8251-2f84c989e410/c67083d0-17e8-4246-8251-2f84c989e410-4ad2fea11532afc4.jpeg	\N	\N	\N	\N	999	\N	\N	\N	media	c67083d0-17e8-4246-8251-2f84c989e410/c67083d0-17e8-4246-8251-2f84c989e410-4ad2fea11532afc4.jpeg	public	ITO-M-2025-00033	\N	image	\N	\N	2025-09-04 01:38:42.697632+00	2025-09-06 07:50:41.241431+00
d3b90474-2f70-45bb-9b05-da1440431952	c67083d0-17e8-4246-8251-2f84c989e410	image	https://ropxawmhtemygmrojlhu.supabase.co/storage/v1/object/public/media/media/c67083d0-17e8-4246-8251-2f84c989e410/c67083d0-17e8-4246-8251-2f84c989e410-2815f64e7bb7adfb.jpeg	\N	\N	\N	\N	999	\N	\N	\N	media	c67083d0-17e8-4246-8251-2f84c989e410/c67083d0-17e8-4246-8251-2f84c989e410-2815f64e7bb7adfb.jpeg	public	ITO-M-2025-00035	\N	image	\N	\N	2025-09-04 01:38:44.856397+00	2025-09-06 07:50:41.241431+00
54217385-dfc8-45a4-8aa0-d835fbb6aee9	c67083d0-17e8-4246-8251-2f84c989e410	image	https://ropxawmhtemygmrojlhu.supabase.co/storage/v1/object/public/media/media/c67083d0-17e8-4246-8251-2f84c989e410/c67083d0-17e8-4246-8251-2f84c989e410-c736b4d4cf71c167.jpeg	\N	\N	\N	\N	999	\N	\N	\N	media	c67083d0-17e8-4246-8251-2f84c989e410/c67083d0-17e8-4246-8251-2f84c989e410-c736b4d4cf71c167.jpeg	public	ITO-M-2025-00037	\N	image	\N	\N	2025-09-04 01:38:46.711104+00	2025-09-06 07:50:41.241431+00
f0c1414e-f72e-49b3-824e-9176acd5edf4	c67083d0-17e8-4246-8251-2f84c989e410	image	https://ropxawmhtemygmrojlhu.supabase.co/storage/v1/object/public/media/media/c67083d0-17e8-4246-8251-2f84c989e410/c67083d0-17e8-4246-8251-2f84c989e410-308c0c4f770a3d5f.jpeg	\N	\N	\N	\N	999	\N	\N	\N	media	c67083d0-17e8-4246-8251-2f84c989e410/c67083d0-17e8-4246-8251-2f84c989e410-308c0c4f770a3d5f.jpeg	public	ITO-M-2025-00039	\N	image	\N	\N	2025-09-04 01:38:47.935243+00	2025-09-06 07:50:41.241431+00
973b809f-0573-4b32-b11c-df69204ab8a0	18afe129-e588-4847-b45f-97beeb8d3c99	image	https://ropxawmhtemygmrojlhu.supabase.co/storage/v1/object/public/media/media/18afe129-e588-4847-b45f-97beeb8d3c99/18afe129-e588-4847-b45f-97beeb8d3c99-4e016080374ef57f.jpeg	\N	\N	\N	\N	999	Joichi Ito	\N	4ebee253-075a-4a3f-8dbe-931cfc5e3c60	media	18afe129-e588-4847-b45f-97beeb8d3c99/18afe129-e588-4847-b45f-97beeb8d3c99-4e016080374ef57f.jpeg	public	ITO-2025-M-00064	b9n81m2d2xf6	image	\N	\N	2025-08-20 03:08:44.630199+00	2025-09-06 07:50:41.241431+00
ef3aa217-dec0-45c8-ac67-36e67f0c7e12	\N	image	chakai/c976ca25-621b-4d1a-b1a9-342994df86c9/01naB611CKlp2d7jK_qHi.pdf	\N	\N	\N	\N	0	\N	\N	\N	media	chakai/c976ca25-621b-4d1a-b1a9-342994df86c9/01naB611CKlp2d7jK_qHi.pdf	private	ITO-M-2025-00057	\N	application/pdf	722559	再校・好日会会記　薄茶席_R7.9.25.pdf	2025-09-04 23:37:57.668615+00	2025-09-06 07:50:41.241431+00
e1257156-4189-4f4a-bdae-e67af94ce506	c67083d0-17e8-4246-8251-2f84c989e410	image	https://ropxawmhtemygmrojlhu.supabase.co/storage/v1/object/public/media/media/c67083d0-17e8-4246-8251-2f84c989e410/c67083d0-17e8-4246-8251-2f84c989e410-122a7ec27789e6f4.jpeg	\N	\N	\N	\N	999	Joichi Ito	\N	4ebee253-075a-4a3f-8dbe-931cfc5e3c60	media	c67083d0-17e8-4246-8251-2f84c989e410/c67083d0-17e8-4246-8251-2f84c989e410-122a7ec27789e6f4.jpeg	public	ITO-M-2025-00041	\N	image	\N	\N	2025-09-04 01:38:53.968595+00	2025-09-06 07:50:41.241431+00
ddc4ccf5-dfc5-4b87-9337-b98474de5efb	95f24bc5-726e-4b64-b251-3b934dd669be	image	https://ropxawmhtemygmrojlhu.supabase.co/storage/v1/object/public/media/media/95f24bc5-726e-4b64-b251-3b934dd669be/95f24bc5-726e-4b64-b251-3b934dd669be-a2c1094360c780e6.jpeg	\N	\N	\N	\N	999	Joichi Ito	\N	4ebee253-075a-4a3f-8dbe-931cfc5e3c60	media	95f24bc5-726e-4b64-b251-3b934dd669be/95f24bc5-726e-4b64-b251-3b934dd669be-a2c1094360c780e6.jpeg	public	ITO-2025-M-00109	wr4pv52d55ng	image	\N	\N	2025-08-20 03:08:44.630199+00	2025-09-06 07:50:41.241431+00
b890e3fc-30c9-44ad-b054-dca527068f5f	496f9814-6c75-467d-9c9b-4ebab37f5044	image	https://ropxawmhtemygmrojlhu.supabase.co/storage/v1/object/public/media/media/496f9814-6c75-467d-9c9b-4ebab37f5044/496f9814-6c75-467d-9c9b-4ebab37f5044-4c8f779ee762f64b.jpeg	\N	\N	\N	\N	999	Joichi Ito	\N	4ebee253-075a-4a3f-8dbe-931cfc5e3c60	media	496f9814-6c75-467d-9c9b-4ebab37f5044/496f9814-6c75-467d-9c9b-4ebab37f5044-4c8f779ee762f64b.jpeg	public	ITO-2025-M-00010	9qr6kg0m8vn6	image	\N	\N	2025-08-20 03:08:44.630199+00	2025-09-06 07:50:41.241431+00
a5f642d8-0292-49ad-ba37-d115448a66de	47f3a9f0-f06e-47dd-9b82-99df922e23aa	image	https://ropxawmhtemygmrojlhu.supabase.co/storage/v1/object/public/media/media/47f3a9f0-f06e-47dd-9b82-99df922e23aa/47f3a9f0-f06e-47dd-9b82-99df922e23aa-e10df66ef0452c2b.jpeg	\N	\N	\N	\N	999	Joichi Ito	\N	4ebee253-075a-4a3f-8dbe-931cfc5e3c60	media	47f3a9f0-f06e-47dd-9b82-99df922e23aa/47f3a9f0-f06e-47dd-9b82-99df922e23aa-e10df66ef0452c2b.jpeg	public	ITO-2025-M-00039	tnkcr3g4n7r3	image	\N	\N	2025-08-20 03:08:44.630199+00	2025-09-06 07:50:41.241431+00
8dd7ba54-7d66-466d-9017-494607b40e94	94acf51e-4342-4c49-9acc-5c310bf78985	image	https://ropxawmhtemygmrojlhu.supabase.co/storage/v1/object/public/media/media/94acf51e-4342-4c49-9acc-5c310bf78985/94acf51e-4342-4c49-9acc-5c310bf78985-35181d9461aa6750.jpeg	\N	\N	\N	\N	999	Joichi Ito	\N	4ebee253-075a-4a3f-8dbe-931cfc5e3c60	media	94acf51e-4342-4c49-9acc-5c310bf78985/94acf51e-4342-4c49-9acc-5c310bf78985-35181d9461aa6750.jpeg	public	ITO-2025-M-00040	9h6mkf0h9gd7	image	\N	\N	2025-08-20 03:08:44.630199+00	2025-09-06 07:50:41.241431+00
\.


--
-- Data for Name: chakai_media_links; Type: TABLE DATA; Schema: public; Owner: postgres
--

COPY public.chakai_media_links (chakai_id, media_id, role, created_at) FROM stdin;
c976ca25-621b-4d1a-b1a9-342994df86c9	ef3aa217-dec0-45c8-ac67-36e67f0c7e12	attachment	2025-09-04 23:37:57.717387+00
\.


--
-- Data for Name: classifications; Type: TABLE DATA; Schema: public; Owner: postgres
--

COPY public.classifications (id, label, label_ja, kind, scheme, uri, created_at) FROM stdin;
ebbc9651-5c5a-47ec-ac6a-739c077f7fcc	cauldron (kama)	釜	concept	wikidata	https://www.wikidata.org/entity/Q1317634	2025-08-18 10:42:46.427546+00
b90c42ad-4660-4773-b01d-568ecc0fbc8d	bowl (chawan)	茶碗	concept	wikidata	https://www.wikidata.org/entity/Q798625	2025-08-17 16:55:06.123645+00
78da0856-5dd1-46cc-aa83-15c7638d440a	hanging scroll (kakemono)	掛軸	concept	wikidata	https://www.wikidata.org/entity/Q277583	2025-08-18 10:24:27.994522+00
c46808b5-91f3-4c39-9ba8-d96599ed72e1	bowl (chawan)	茶碗	concept	aat	http://vocab.getty.edu/aat/300266745	2025-08-17 16:55:03.105523+00
d6a67ab3-2e87-4564-827e-4b2a50cf8957	tea caddy (natsume)	棗	concept	wikidata	https://www.wikidata.org/entity/Q1213825	2025-08-17 10:38:23.570602+00
476f1914-acef-4a6c-8f9d-6df94f5cad84	tea caddy (natsume)	棗	concept	aat	http://vocab.getty.edu/aat/300311054	2025-08-17 11:07:22.071218+00
2b0b7ccc-a10c-4bc7-8267-a7f582563fbe	hanging scroll (kakejiku)	掛軸	concept	wikidata	https://www.wikidata.org/entity/Q2188827	2025-08-18 10:31:04.529708+00
\.


--
-- Data for Name: local_classes; Type: TABLE DATA; Schema: public; Owner: postgres
--

COPY public.local_classes (id, token, local_number, label_en, label_ja, description, parent_id, preferred_classification_id, status, created_at, updated_at, sort_order) FROM stdin;
d2cce6ff-a71c-4f4c-92d6-457b27dd8c4a	836k3nwfx60w	ITO-C-00013	Waste-Water Container	建水	\N	\N	\N	active	2025-09-03 04:52:06.506696+00	2025-09-03 04:52:06.506696+00	12
4365a211-d032-4eec-b3fa-475b6c2dbd2c	n17d23hr9q1w	ITO-C-00010	Feather Duster	羽箒	\N	\N	\N	active	2025-09-03 04:40:38.64711+00	2025-09-03 04:40:38.64711+00	3
9fdf4019-19cd-4844-9668-3dad58368f20	7n39znsjwqpm	ITO-C-00018	Vase	花入	\N	\N	\N	active	2025-09-04 01:43:47.551637+00	2025-09-04 01:43:47.551637+00	4
16d45ad2-f522-45bf-b222-f81a6cbcea8d	\N	ITO-C-00007	cauldron (kama)	釜	\N	\N	ebbc9651-5c5a-47ec-ac6a-739c077f7fcc	active	2025-08-31 03:28:19.613007+00	2025-08-31 03:28:19.613007+00	5
b67e00d2-365b-4c87-9f73-45f647d959be	7xp2671p5f8g	ITO-C-00003	natsume	棗	\N	55f956e6-2f92-462f-a039-79a789b9a89e	\N	active	2025-08-21 15:59:30.905189+00	2025-08-21 15:59:30.905189+00	999
382a52da-aa53-4030-8c9e-f880c9f8f25a	w5p8fg8h4523	ITO-C-00017	Mizutsugi	水次	\N	\N	\N	active	2025-09-03 04:59:29.88073+00	2025-09-03 04:59:29.88073+00	16
f17d4d62-dff7-4b3d-80dc-1ebca732a8be	psc8k89x23r3	ITO-C-00014	Sweets Plate	菓子器	\N	\N	\N	active	2025-09-03 04:53:43.050788+00	2025-09-03 04:53:43.050788+00	13
fbc386f2-d664-47f2-86ae-7c79fdd76837	mvnhvr497760	ITO-C-00019	Fire Container	火入	\N	\N	\N	active	2025-09-04 01:56:27.150315+00	2025-09-04 01:56:27.150315+00	14
d524672f-0cf4-4d2b-b4b7-9a571f3d8a9e	kpc6qz1jstv2	ITO-C-00009	Tabacco Container	莨入	\N	\N	\N	active	2025-09-03 04:38:52.857661+00	2025-09-03 04:38:52.857661+00	15
238561b0-9b61-4e56-8565-682237f66f22	q4nvhkpvbnt1	ITO-C-00011	Furnace	風炉	\N	\N	\N	active	2025-09-03 04:47:16.69988+00	2025-09-03 04:47:16.69988+00	6
05e69051-7d66-4447-bbe1-ed80cb3017e2	3pvg94kxvrzs	ITO-C-00008	Mizusashi	水指	"water jugs"	\N	\N	active	2025-09-03 04:37:38.060173+00	2025-09-03 04:37:38.060173+00	7
55f956e6-2f92-462f-a039-79a789b9a89e	h5gq7t5prc3x	ITO-C-00002	chaki	茶器	\N	\N	\N	active	2025-08-21 15:59:13.787632+00	2025-08-21 15:59:13.787632+00	8
c074c1a2-3397-473d-a900-a6a17c1ead7d	6jhmbx504c68	ITO-C-00001	Tea Bowl	茶碗	\N	\N	\N	active	2025-08-21 10:36:51.565817+00	2025-08-21 10:36:51.565817+00	10
c880cbcb-0dda-4f8d-ac56-969631dcfb96	52zjn1msr94d	ITO-C-00012	Tea Scoop	茶杓	\N	\N	\N	active	2025-09-03 04:50:03.201302+00	2025-09-03 04:50:03.201302+00	9
b1a08447-11b9-4c0c-9297-197491889d1c	cs82pqdx6p6f	ITO-C-00015	Lid Rest	蓋置	\N	\N	\N	active	2025-09-03 04:55:33.742299+00	2025-09-03 04:55:33.742299+00	11
6918ea84-d562-473a-b866-e0ae99f23ad1	wcw48xkbx9j8	ITO-C-00016	Incense Holder	香合	\N	\N	\N	active	2025-09-03 04:57:08.419477+00	2025-09-03 04:57:08.419477+00	2
fbf14613-7a5d-465f-9d4c-b52283729959	vtb9fbvfvn4f	ITO-C-00004	Hanging Scroll	掛軸	\N	\N	2b0b7ccc-a10c-4bc7-8267-a7f582563fbe	active	2025-08-27 21:14:19.684097+00	2025-08-27 21:14:19.684097+00	1
\.


--
-- Data for Name: local_class_hierarchy; Type: TABLE DATA; Schema: public; Owner: postgres
--

COPY public.local_class_hierarchy (ancestor_id, descendant_id, depth) FROM stdin;
c074c1a2-3397-473d-a900-a6a17c1ead7d	c074c1a2-3397-473d-a900-a6a17c1ead7d	0
55f956e6-2f92-462f-a039-79a789b9a89e	55f956e6-2f92-462f-a039-79a789b9a89e	0
b67e00d2-365b-4c87-9f73-45f647d959be	b67e00d2-365b-4c87-9f73-45f647d959be	0
55f956e6-2f92-462f-a039-79a789b9a89e	b67e00d2-365b-4c87-9f73-45f647d959be	1
fbf14613-7a5d-465f-9d4c-b52283729959	fbf14613-7a5d-465f-9d4c-b52283729959	0
16d45ad2-f522-45bf-b222-f81a6cbcea8d	16d45ad2-f522-45bf-b222-f81a6cbcea8d	0
05e69051-7d66-4447-bbe1-ed80cb3017e2	05e69051-7d66-4447-bbe1-ed80cb3017e2	0
d524672f-0cf4-4d2b-b4b7-9a571f3d8a9e	d524672f-0cf4-4d2b-b4b7-9a571f3d8a9e	0
4365a211-d032-4eec-b3fa-475b6c2dbd2c	4365a211-d032-4eec-b3fa-475b6c2dbd2c	0
238561b0-9b61-4e56-8565-682237f66f22	238561b0-9b61-4e56-8565-682237f66f22	0
c880cbcb-0dda-4f8d-ac56-969631dcfb96	c880cbcb-0dda-4f8d-ac56-969631dcfb96	0
d2cce6ff-a71c-4f4c-92d6-457b27dd8c4a	d2cce6ff-a71c-4f4c-92d6-457b27dd8c4a	0
f17d4d62-dff7-4b3d-80dc-1ebca732a8be	f17d4d62-dff7-4b3d-80dc-1ebca732a8be	0
b1a08447-11b9-4c0c-9297-197491889d1c	b1a08447-11b9-4c0c-9297-197491889d1c	0
6918ea84-d562-473a-b866-e0ae99f23ad1	6918ea84-d562-473a-b866-e0ae99f23ad1	0
382a52da-aa53-4030-8c9e-f880c9f8f25a	382a52da-aa53-4030-8c9e-f880c9f8f25a	0
9fdf4019-19cd-4844-9668-3dad58368f20	9fdf4019-19cd-4844-9668-3dad58368f20	0
fbc386f2-d664-47f2-86ae-7c79fdd76837	fbc386f2-d664-47f2-86ae-7c79fdd76837	0
\.


--
-- Data for Name: local_class_links; Type: TABLE DATA; Schema: public; Owner: postgres
--

COPY public.local_class_links (local_class_id, classification_id, is_preferred, confidence, note) FROM stdin;
c074c1a2-3397-473d-a900-a6a17c1ead7d	c46808b5-91f3-4c39-9ba8-d96599ed72e1	f	\N	\N
c074c1a2-3397-473d-a900-a6a17c1ead7d	b90c42ad-4660-4773-b01d-568ecc0fbc8d	f	\N	\N
b67e00d2-365b-4c87-9f73-45f647d959be	d6a67ab3-2e87-4564-827e-4b2a50cf8957	f	\N	\N
b67e00d2-365b-4c87-9f73-45f647d959be	476f1914-acef-4a6c-8f9d-6df94f5cad84	f	\N	\N
fbf14613-7a5d-465f-9d4c-b52283729959	2b0b7ccc-a10c-4bc7-8267-a7f582563fbe	f	\N	\N
fbf14613-7a5d-465f-9d4c-b52283729959	78da0856-5dd1-46cc-aa83-15c7638d440a	f	\N	\N
16d45ad2-f522-45bf-b222-f81a6cbcea8d	ebbc9651-5c5a-47ec-ac6a-739c077f7fcc	t	\N	\N
\.


--
-- Data for Name: local_counters; Type: TABLE DATA; Schema: public; Owner: postgres
--

COPY public.local_counters (kind, year, value) FROM stdin;
L	2025	4
\.


--
-- Data for Name: location_media_links; Type: TABLE DATA; Schema: public; Owner: postgres
--

COPY public.location_media_links (location_id, media_id, role, created_at) FROM stdin;
e0b737b8-acd6-4e6b-aaa2-b922c33feb80	221d3f33-572d-4392-ba7c-d5103543e3fa	related	2025-08-20 06:14:44.111169+00
e0b737b8-acd6-4e6b-aaa2-b922c33feb80	b2999b35-00ba-458b-8e99-9cd7c979c1a4	related	2025-08-20 06:54:14.295914+00
1bfdbc2e-6441-4f94-8545-5801b0f75bca	68f5b815-032a-4804-9f64-fd2d200f4b93	related	2025-08-20 08:19:00.840673+00
\.


--
-- Data for Name: object_classifications; Type: TABLE DATA; Schema: public; Owner: postgres
--

COPY public.object_classifications (object_id, classification_id, role) FROM stdin;
\.


--
-- Data for Name: object_media_links; Type: TABLE DATA; Schema: public; Owner: postgres
--

COPY public.object_media_links (object_id, media_id, role) FROM stdin;
257d4777-0781-433a-a968-9057d1c71967	cc3fa42d-586f-4214-8731-9a79a449bc69	primary
257d4777-0781-433a-a968-9057d1c71967	0fec46ab-4bcd-442a-82b7-9378ec890f87	primary
257d4777-0781-433a-a968-9057d1c71967	eec71685-2db6-4769-be67-4b30ffd7a4c3	primary
ce8a3eb8-91a5-4e49-a516-fd6f7576a75a	4a74d214-3fc2-42d7-b903-30244b89245d	primary
ce8a3eb8-91a5-4e49-a516-fd6f7576a75a	1a4214ed-2f66-44f2-b55b-23bf3aa05d51	primary
ce8a3eb8-91a5-4e49-a516-fd6f7576a75a	b12ba743-721c-4bb9-9a26-28aab428a31d	primary
43a0ea99-0477-40c8-8be5-7864fc34c159	c6efe050-f8d4-4a77-bdd3-15605e098f87	primary
38d72a18-b0f8-48f5-8081-523853983a09	1cd56f1b-5734-4151-9887-b94ee3e62168	related
\.


--
-- Data for Name: redirects; Type: TABLE DATA; Schema: public; Owner: postgres
--

COPY public.redirects (old_path, new_path) FROM stdin;
\.


--
-- Data for Name: valuations; Type: TABLE DATA; Schema: public; Owner: postgres
--

COPY public.valuations (id, object_id, as_of_date, currency, amount, source, source_url, visibility) FROM stdin;
\.


--
-- Name: local_class_local_seq; Type: SEQUENCE SET; Schema: public; Owner: postgres
--

SELECT pg_catalog.setval('public.local_class_local_seq', 19, true);


--
-- Name: media_local_seq; Type: SEQUENCE SET; Schema: public; Owner: postgres
--

SELECT pg_catalog.setval('public.media_local_seq', 57, true);


--
-- PostgreSQL database dump complete
--

\unrestrict lBiiSgKclV1xhTV00vM9QF8XwSeaXaGtyNptR78o1trrfLowYiaintoymhbIoHC

